beatmapset_id,beatmap_id,approved_str,version,star_rating,include,notes
2389421,5171308,graveyard,ExstreamZ,12.0336,0,
1884123,3879264,graveyard,Ai no Sukima,11.9159,0,
2328247,4991867,graveyard,Kobaryo - Villain Virus feat.Camellia,11.8647,0,
2328247,4991863,graveyard,[500BPM Edit] rejection - Aimai Attitude (feat. Nakamura Sanso),11.4198,0,
2425470,5279690,graveyard,1.2x,11.4151,0,
2424240,5276557,graveyard,OVERDO$E (LIELESS HARDTEKK BOOTLEG),11.3789,0,
2424240,5276553,graveyard,Little Poor Me (2024 Rework),11.2942,0,
2302404,4921082,graveyard,speedtest 1.11x (400bpm),11.2229,0,
2203623,4664405,graveyard,Promise The Moon 1.3x,11.1793,0,
1884123,3879864,graveyard,Marshall Maximizer,11.1782,0,
2423962,5275315,graveyard,yabai 1.2x,11.161,0,
2425470,5279687,graveyard,1.15x,11.1128,0,
2110053,4429061,graveyard,Annihilation,11.1015,0,
2551011,5683162,pending,HEURISTICAL ALGORITHMS,11.0968,0,
2289193,4885202,graveyard,Stream Style [1.2x Rate],11.0448,0,
1257288,2612530,graveyard,Apparition,11.0355,0,
2297876,4909514,graveyard,Surreal Complexity,11.0005,0,
2083172,4362922,graveyard,Lunaticon (KawaiiBass),10.8947,0,
2420995,5268276,graveyard,^^,10.869,0,
2424240,5276549,graveyard,Endless Night,10.8678,0,
2328247,4991859,graveyard,[500BPM Edit] Gram vs. Kobaryo - Yggdrasil,10.8676,0,
2266618,4917455,graveyard,stream 350bpm,10.8293,0,
2137348,4498028,graveyard,Kobaryo - Yuugure,10.8263,0,
1693377,3460231,graveyard,^^ 1.3x (173bpm),10.822,0,
2389421,5520369,graveyard,streamZ,10.821,0,
2411298,5236060,graveyard,FANTASY,10.8069,0,
2424240,5276558,graveyard,PINK LIKE SUKI,10.8021,0,
2328247,4991862,graveyard,[500BPM Edit] momone chinoi - Diannao Mienmien Mao,10.7967,0,
2328247,4991861,graveyard,[500BPM Edit] katagiri & hanacco - Kahen reishiki zettai kyomei hakai kosen,10.7934,0,
2425470,5279688,graveyard,1.1x,10.7882,0,
2520506,5562963,graveyard,I'm your favorite sidekick 1.2x,10.7689,0,
2328247,4991860,graveyard,[500BPM Edit] Hiiragi Magnetite - TETORIS,10.7407,0,
2275194,4848133,graveyard,Speed Insanity,10.7268,0,
2328247,4991866,graveyard,Katagiri - Breakcore KakumeiZenya (Exodus ver.),10.7159,0,
2464181,5393102,graveyard,1.4x,10.7044,0,
2424240,5276555,graveyard,"Misogibarai no Kamiumi ha Notamai, Magabarai no Shokuzai ha Chikau.",10.7041,0,
1884123,3896118,graveyard,Ukigumo,10.7003,0,
2371160,5123956,graveyard,O280TECHNO,10.6938,0,
2470987,5412841,graveyard,GRANDSLAM,10.6922,0,
2424240,5276564,graveyard,"Yomi yori Kikoyu, Koukoku no Tou to Honoo no Shoujo.",10.6802,0,
2289193,4885200,graveyard,Stream Style [1.15x Rate],10.6759,0,
2110053,4429067,graveyard,x0.95,10.6585,0,
2203623,4664404,graveyard,Promise The Moon 1.2x,10.6481,0,
2424240,5276551,graveyard,IN TOO DEEP,10.648,0,
689970,1460367,graveyard,Death,10.6137,0,
2026300,4221977,graveyard,0000c0,10.6037,0,
2083172,4362917,graveyard,Carry Me Away (Extended Mix) (KawaiiBass),10.594,0,
2424240,5276561,graveyard,Song of Truth feat. Erika Moriha,10.5901,0,
2266618,4917454,graveyard,stream 340bpm,10.582,0,
2547364,5645826,pending,x x,10.5768,0,
2137348,4498026,graveyard,KAMIJO - Nosferatu,10.5616,0,
2465079,5396043,graveyard,x_x,10.5592,0,
2424240,5276560,graveyard,Sappy,10.5519,0,
2297876,4909536,graveyard,Surreal Complexity 0.95x,10.5412,0,
2425470,5279686,graveyard,1.05x,10.5324,0,
2083172,4362925,graveyard,Tenkai e no Kippu (KawaiiBass),10.5301,0,
2374818,5128903,graveyard,Travel,10.5238,0,
1891472,3897145,graveyard,Taiko Transformation [FREQ +6] (1.41x),10.5153,0,
1693377,3460229,graveyard,^^ 1.25x (166bpm),10.5096,0,
2361737,5090632,graveyard,Juusanmen Machi,10.5077,0,
2553667,5669486,pending,phantom,10.5069,0,
2083172,4362923,graveyard,REDXBLUE (KawaiiBass),10.5042,0,
1994264,4144310,graveyard,^^ 1.1x,10.4988,0,
2044241,4266640,pending,Cruenta Tragoedia,10.495,0,
2432612,5300284,graveyard,Stream 1.68x,10.4786,0,
2440981,5324855,graveyard,Hakai,10.4733,0,
2137348,4498027,graveyard,Kobaryo - Villain Virus [feat. Camellia],10.4664,0,
1885648,3882579,graveyard,XEX,10.4491,0,
1609660,3286651,graveyard,Stream Dan+,10.4442,0,
2424240,5276552,graveyard,KAERU,10.4437,0,
2005930,4172067,graveyard,Happy Oni,10.4344,0,
2474030,5424041,graveyard,Collapse,10.4337,0,
1685823,3492674,graveyard,myon [1.45x Rate],10.4319,0,
2288716,4883938,graveyard,HENTAI ALERT,10.4157,0,
2328247,4991865,graveyard,Aquestion - Endro,10.4153,0,
2299961,4914696,graveyard,Maji Yabakune 1.06x (360bpm),10.402,0,
1785473,3657088,graveyard,Twin [FREQ +6] (1.41x),10.3975,0,
2397341,5194528,graveyard,Challenger,10.3875,0,
2476329,5429467,graveyard,Hakai,10.387,0,
2083172,4362930,graveyard,Yurishurashushushu (KawaiiBass),10.3799,0,
2083172,4362916,graveyard,Angel dust (2016 Radio Mix) (KawaiiBass),10.3786,0,
2389421,5171305,graveyard,streamZ (180bpm),10.3745,0,
2408621,5228328,graveyard,overdrive 400,10.3517,0,
2328247,4991868,graveyard,YOASOBI - Idol (Imaginary Reality Remix),10.342,0,
2297077,4906559,graveyard,400BPM Daisuki!!!,10.3368,0,
2266618,4917453,graveyard,stream 330bpm,10.3351,0,
2520506,5562967,graveyard,nerf 1.2x,10.3271,0,
2424240,5276562,graveyard,Too Late Snow,10.3194,0,
2073634,4340423,graveyard,Cyte - Command Prompt,10.3189,0,
2535365,5607601,graveyard,Aberration,10.318,0,
2289193,4885201,graveyard,Stream Style [1.1x Rate],10.3147,0,
2424240,5276550,graveyard,Heisei no Gabbalien,10.3124,0,
2459048,5379108,graveyard,Beyond,10.3089,0,
2424240,5276559,graveyard,Rose Quartz,10.3046,0,
1228933,2667952,wip,katagiri // SoundCloud Shinanaide,10.3005,0,
2420995,5268274,graveyard,^^ 0.95x,10.2951,0,
2373096,5124052,graveyard,1/6 Party 1.25x,10.295,0,
2110053,4429066,graveyard,x0.9,10.2817,0,
2302404,4921079,graveyard,speedtest,10.277,0,
2478431,5436194,graveyard,end,10.2735,0,
2424240,5276563,graveyard,Triumphal Return,10.271,0,
2424240,5276548,graveyard,Embraced by the Flame,10.261,0,
2371160,5117462,graveyard,O260TECHNO,10.2451,0,
2423962,5275314,graveyard,yabai 1.1x,10.2396,0,
2430013,5291651,graveyard,killme,10.2301,0,
2083172,4362924,graveyard,Sakazuki (KawaiiBass),10.2122,0,
2556470,5678710,pending,TATAKATTERO 1.11x,10.2111,0,
1693377,3460230,graveyard,^^ 1.2x (160bpm),10.1954,0,
2425470,5472367,graveyard,Singularity,10.1951,0,
2424240,5276554,graveyard,Loli 2000,10.1933,0,
1094963,2377459,graveyard,applerss die [1.68x Rate],10.1689,0,
2073634,4340431,graveyard,Nanahira - N,10.1655,0,
1862144,3828780,graveyard,More One Time,10.1639,0,
1685823,3492675,graveyard,myon [1.4x Rate],10.1447,0,
2552895,5665619,wip,Boundless skies,10.1426,0,
844378,4209978,graveyard,Last Calamity,10.1269,0,
2424240,5276556,graveyard,NNHR,10.1198,0,
1885204,3881600,graveyard,Stream 1.1x,10.1135,0,
1952434,4043091,graveyard,Victory 1.3x,10.112,0,
2432612,5300305,graveyard,Stream 1.6x,10.1047,0,
1992096,4139381,graveyard,Shinchikuhome (345bpm),10.1017,0,
2266618,4917452,graveyard,stream 320bpm,10.0816,0,
2464181,5393101,graveyard,1.3x,10.076,0,
1884123,3896115,graveyard,Angel Dust,10.0668,0,
2476046,5428631,graveyard,Genexx,10.0601,0,
2297541,4907738,graveyard,Raijin no Dengeki 1.3x (325bpm),10.0536,0,
1891472,3897144,graveyard,Taiko Transformation [FREQ +5] (1.33x),10.0518,0,
2272646,5028618,graveyard,3.5min 1.17x (315bpm),10.0306,0,
2300613,4916377,graveyard,WTF,10.0295,0,
2388933,5169727,graveyard,Any%,10.0269,0,
2424240,5276546,graveyard,Dat Phonk,10.0247,0,
2083172,4362927,graveyard,Tsuioku no Kuroki Makenshi (KawaiiBass),10.0236,0,
1789616,3666954,graveyard,^^ 1.1x,10.008,0,
2229259,4730126,graveyard,Made In Abyss,10.0067,0,
2083172,4362915,graveyard,AMAZING BREAK (KawaiiBass),10.0047,0,
2203623,4664364,graveyard,Promise The Moon 1.1x,9.9812,0,
2083172,4362921,graveyard,Illusionary Night(lazh's 280boot) (KawaiiBass),9.96983,0,
2311630,4945658,graveyard,stream 360bpm,9.9644,0,
2299961,4933480,graveyard,Maji Yabakune,9.9587,0,
2520506,5562962,graveyard,I'm your favorite sidekick 1.1x,9.94644,0,
2289193,4885199,graveyard,Stream Style [1.05x Rate],9.94557,0,
1785473,3657087,graveyard,Twin [FREQ +5] (1.33x),9.94248,0,
1546065,3160093,graveyard,TAIKO DOMANITORS 1.4x,9.94,0,
1858555,3820393,graveyard,Taiko Trial,9.93889,0,
2083172,4362914,graveyard,A flying Dance Hall (KawaiiBass),9.93607,0,
2504566,5513787,graveyard,Null,9.93153,0,
2389421,5520368,graveyard,streamZ 0.89x (170bpm),9.9191,0,
2373096,5124053,graveyard,1/6 Party 1.2x,9.91824,0,
2434832,5307026,graveyard,Iridescent,9.91544,0,
1693377,3460227,graveyard,^^ 1.15x (153bpm),9.90546,0,
2297876,4909480,graveyard,Surreal Complexity 0.9x,9.88652,0,
2408621,5228327,graveyard,overdrive 380,9.87996,0,
1685823,3492672,graveyard,myon [1.35x Rate],9.87265,0,
2533689,5602187,graveyard,SHK - Flight of the Bumblebee (RST Classic),9.85247,0,
2535365,5606789,graveyard,Aberration 0.95x (190bpm),9.84833,0,
2432612,5300285,graveyard,Stream 1.55x,9.84178,0,
2302390,5108299,graveyard,Oni 1.19x (250bpm),9.84056,0,
2110053,4429065,graveyard,x0.85,9.83596,0,
1696189,3465643,graveyard,^^,9.83546,0,
2173136,4587635,graveyard,GOD,9.83032,0,
2073634,4340430,graveyard,"namigroove feat.Zundamon,Hatsune Miku - Uni Kurage",9.82759,0,
2098947,4402837,graveyard,x1.2,9.82583,0,
2073634,4340422,graveyard,Abydos High School Countermeasure Council - Kagayaki Summer Days,9.82489,0,
1311720,2718652,graveyard,Pyramid [1.8x Rate],9.82275,0,
2077526,4350051,graveyard,unko,9.8183,0,
2392206,5179111,graveyard,Shakaijin Oni,9.81481,0,
1850034,3800273,graveyard,MC Ganja,9.81394,1,
2083172,4362919,graveyard,Dreamkoremassiv280 (KawaiiBass),9.81339,0,
2073634,4340426,graveyard,Kenshi Yonezu - Go Go Ghost Ship,9.81108,0,
2266618,4917451,graveyard,stream 310bpm,9.81045,0,
1952434,4043089,graveyard,Victory 1.25x,9.80418,0,
2410171,5233879,graveyard,a,9.79965,0,
1992096,4139379,graveyard,Challenge 1.2x (331bpm),9.79956,0,
2289907,4887110,graveyard,kawaii 333bpm,9.79451,0,
2214177,4691303,graveyard,stamina 1.2x,9.79122,0,
2362517,5092984,graveyard,WANTED LIST 1.4x,9.78801,0,
1994264,4144311,graveyard,^^,9.77839,0,
1609660,3286643,graveyard,DJ Sharpnel - Cyber Inductance 1.6x (KawaiiBass & 4sbet1),9.77186,0,
2376703,5134240,graveyard,Hell Oni,9.77084,0,
1862144,3828778,graveyard,More One Time 0.95x,9.76548,0,
2073634,4340425,graveyard,jioyi attacked by mirror - I lost my flp,9.76248,0,
2416171,5251801,graveyard,Stream 320,9.75812,0,
2455754,5367034,pending,Remnants of Decay,9.75785,1,
1884123,3896116,graveyard,Imperishable Night 2006,9.7558,0,
1885204,3881589,graveyard,Stream 1.05x,9.74973,0,
1693377,3460228,graveyard,^^ 1.1x (146bpm),9.73671,0,
2041518,4259399,graveyard,Hell,9.72582,1,
1986091,4125532,graveyard,Kenran,9.72146,0,
1546065,3504443,graveyard,TAIKO DOMANITORS 1.4x (NSV),9.71521,0,
1968607,4083169,graveyard,MC Ganja,9.71405,0,
1094963,2377458,graveyard,Angel no doublet,9.71268,0,
1529599,3128808,graveyard,Hell,9.70998,0,
2180598,4606323,graveyard,Contagion,9.69226,0,
2083172,4362920,graveyard,FUBUKI (KawaiiBass),9.68913,0,
2371160,5117461,graveyard,O240TECHNO,9.68358,0,
2302404,4921087,graveyard,speedtest (short),9.67554,0,
2137348,4498029,graveyard,Komichi Aya (CV: Taneda Risa) - Koiiro Iris (brz_bootleg_remix),9.67342,0,
2026998,4223605,graveyard,<3 320,9.67211,0,
2430013,5291650,graveyard,killme (short ver.),9.66709,0,
2420995,5268275,graveyard,^^ 0.9x,9.66139,0,
1239533,2577116,graveyard,Qronostasis (ll-oscar / ll-taiko Sp.),9.65932,0,
1755021,3591556,graveyard,Ha,9.65836,0,
1139669,2639680,graveyard,WE LUV LAMA (Nofool / Oni),9.65534,0,
2311630,4945657,graveyard,stream 345bpm,9.6493,0,
1239533,2577117,graveyard,Senzai-ichuguu Kitarite Kouki (hoku / GOLDEN OPPORTUNITY ^-^),9.64616,0,
1094963,2288439,graveyard,Angel,9.63651,0,
2073634,4340429,graveyard,MIMI - Kuu ni naru,9.63256,0,
2346870,5047023,graveyard,Ura 1.05x,9.62991,0,
2388879,5220258,graveyard,Bye,9.62972,0,
2255305,4797681,graveyard,Stream 320bpm,9.62962,0,
1949268,4035434,graveyard,"(Kawaiibass) you love this track (hello, otaku) - Illegally Existence 1.05x",9.62549,0,
2302390,5108298,graveyard,Oni 1.14x (240bpm),9.62363,0,
2272646,4841210,graveyard,Infinity 1.11x (300bpm),9.62285,0,
1891472,3897143,graveyard,Taiko Transformation [FREQ +4] (1.26x),9.61939,0,
1004902,2103179,graveyard,Angel 4,9.61715,0,
1981212,4113970,graveyard,c/o/r/r/u/p/t/i/o/n,9.61706,0,
2272646,4854312,graveyard,6min 1.11x (300bpm),9.61681,0,
1565914,3220719,graveyard,myon [FREQ +6] (1.41x),9.6157,0,
2073634,4340428,graveyard,MAISONdes - Ai tarinai,9.61299,0,
2238724,4757979,graveyard,Psycho 1.4x,9.61155,0,
2272646,4854314,graveyard,3.5min 1.11x (300bpm),9.61063,0,
2373096,5124050,graveyard,1/6 Party 1.15x,9.607,0,
2547364,5645825,pending,nerf,9.59202,0,
2052523,4286990,graveyard,ikas ika,9.58612,0,
2203961,4665144,graveyard,^^ 1.3x,9.58213,0,
1685823,3492673,graveyard,myon [1.3x Rate],9.56812,0,
2289193,4885203,graveyard,Stream Style,9.56757,0,
2374818,5128902,graveyard,Travel 0.92x (220bpm),9.56314,0,
2318151,4974694,graveyard,Refrain 1.6,9.56189,0,
2299961,4914672,graveyard,Maji Yabakune 0.95x (323bpm),9.55881,0,
2520506,5562966,graveyard,nerf 1.1x,9.55657,0,
2328247,4991864,graveyard,7_7 - Katyukusa,9.55283,0,
2083172,4362926,graveyard,Too Much Loli (KawaiiBass),9.55079,0,
1881507,3873615,graveyard,Challenge 1.3x,9.54305,0,
2266618,4917450,graveyard,stream 300bpm,9.541,0,
2062781,4314093,graveyard,?,9.54063,0,
1785473,3657086,graveyard,Twin [FREQ +4] (1.26x),9.54016,0,
2430430,5294311,graveyard,Showtime!!!!!,9.53122,0,
2546570,5643076,pending,Oni 1.4x,9.52254,0,
2504402,5513297,graveyard,^^ 1.05x,9.52028,0,
2082400,4361049,graveyard,Attempts to Counter,9.51848,0,
2361737,5303813,graveyard,Whulf's Yakuman,9.51834,1,
2073634,4340427,graveyard,Kijibato - Humorirony,9.5176,0,
2447984,5348274,graveyard,Hexa's 2000 bars per hour,9.51479,0,
2553667,5669488,pending,phantom 0.9x (230bpm),9.50751,0,
2478431,5436193,graveyard,end 0.9x (180bpm),9.50692,0,
2289907,4887109,graveyard,kawaii 320bpm,9.50041,0,
2199183,4695577,graveyard,Unstoppable+,9.49587,0,
2265160,4822408,graveyard,fairy tale 1.3x (331bpm),9.49236,0,
2010686,4183844,graveyard,MC Ganja,9.49224,0,
2397341,5199575,graveyard,nerf,9.49164,0,
2343081,5036558,graveyard,Stream,9.49075,0,
2137348,4498031,graveyard,Re:End - The Over,9.48596,0,
1830110,3756133,graveyard,SOMBER,9.4837,1,
2137348,4498030,graveyard,Matenrou Opera - Hakanaku Kieru Ai no Sanka,9.48141,0,
1952434,4043090,graveyard,Victory 1.2x,9.47582,0,
2464181,5393100,graveyard,1.2x,9.47124,0,
2395526,5188801,graveyard,400bpm,9.47073,0,
1704544,3484050,graveyard,Flashback(170bpm),9.46966,0,
1992096,4139377,graveyard,Challenge 1.15x (317bpm),9.46877,0,
2302404,4921081,graveyard,speedtest 0.9x (324bpm),9.4651,0,
2275194,4898122,graveyard,heit's Lunatic Oni,9.46121,0,
2110053,4429064,graveyard,x0.8,9.45809,0,
2389421,5503394,graveyard,streamZ 0.84x (160bpm),9.45387,0,
2188934,5282859,graveyard,^^ 1.2x,9.44994,0,
1546065,3160092,graveyard,TAIKO DOMANITORS 1.3x,9.44805,0,
2547367,5645838,pending,eXceed 1.2x (370bpm),9.44799,0,
2423962,5275316,graveyard,yabai,9.43661,0,
844378,4209977,graveyard,Last Calamity 0.9x (180bpm),9.43413,0,
2408621,5228329,graveyard,overdrive,9.43101,0,
2073634,4340432,graveyard,Nor - Usagi Flap,9.4301,0,
2354910,5070262,graveyard,Magical*Power!,9.42974,0,
2535365,5607600,graveyard,Aberration 0.9x (180bpm),9.42965,0,
2229259,4730128,graveyard,x0.95,9.42216,0,
2098947,4402836,graveyard,x1.15,9.42151,0,
2264819,4821634,graveyard,YaniFR's dz,9.41665,0,
2249949,4784772,graveyard,Jagger 1.4x,9.41391,0,
1311720,2718651,graveyard,Pyramid [1.7x Rate],9.40762,0,
2410171,5233054,graveyard,a 0.95x (182bpm),9.40523,0,
2556470,5678715,pending,TATAKATTERO,9.40356,0,
2297541,4907737,graveyard,Raijin no Dengeki 1.2x (300bpm),9.39987,0,
857113,1790833,graveyard,Miracle,9.39551,0,
2315908,4959472,graveyard,Burnout 290,9.39531,0,
2297876,4908641,graveyard,Surreal Complexity 0.85x,9.39226,0,
1789616,3666955,graveyard,^^,9.38937,0,
1994264,4144309,graveyard,^^ 0.95x,9.38699,0,
1979414,4109526,graveyard,Destructive Oni,9.38643,0,
2533689,5602182,graveyard,Mitsukiyo - Bunny Bunny Carrot Carrot,9.38538,0,
1885204,3881601,graveyard,Stream,9.38056,0,
2311630,4945656,graveyard,stream 333bpm,9.37918,0,
2178480,4600861,graveyard,Cursed Fate,9.37614,0,
2206714,4672562,graveyard,Hell,9.3698,0,
1862144,3828779,graveyard,More One Time 0.9x,9.34897,0,
1835283,3767926,graveyard,Double BPM,9.33779,0,
2300613,4917037,graveyard,nerf,9.33638,0,
2064746,4318864,graveyard,ITS SO LOOOOOOOOOOOOOOOOOUD 1.4x,9.32381,0,
2203623,4664406,graveyard,Promise The Moon,9.31932,0,
2551011,5658857,pending,OVERDRIVE,9.31683,1,
2083172,4362928,graveyard,Unwelcome School (KawaiiBass),9.31658,0,
2376703,5134239,graveyard,Hell Oni 0.95x (418bpm),9.3143,0,
2343081,5036466,graveyard,SimpleStream,9.3138,0,
2459048,5379107,graveyard,0.9x,9.31138,0,
1869521,3846474,graveyard,Stream BPM330,9.30884,0,
2264569,4821133,graveyard,MC Ganja,9.30872,0,
2497289,5490824,graveyard,yummy carrot,9.30706,0,
2302390,5108300,graveyard,Oni 1.1x (230bpm),9.29798,0,
2411298,5236059,graveyard,fantasy,9.29482,0,
2373096,5124051,graveyard,1/6 Party 1.1x,9.29369,0,
2346870,5047024,graveyard,Ura,9.29294,0,
1816764,4938109,graveyard,1.4x,9.29227,0,
1546065,3504442,graveyard,TAIKO DOMANITORS 1.3x (NSV),9.29069,0,
2073143,4339048,graveyard,Extraordinary,9.2792,0,
2416171,5251800,graveyard,Stream 300,9.27291,0,
2265749,4824074,graveyard,w,9.27018,0,
2420431,5264906,graveyard,Heaven,9.26578,1,
2461841,5386074,graveyard,nass,9.26574,0,
1239533,2577114,graveyard,Koiiro Iris (brz_bootleg_remix) (shinchikuhome / Inner Oni),9.2643,0,
2518182,5556377,graveyard,Furakutaru 1.4x,9.26157,0,
2137348,4498025,graveyard,Imperial Circus Dead Decadence - Tensei,9.25643,0,
2533689,5602180,graveyard,lapix - Carry Me Away,9.24975,0,
2343081,5036554,graveyard,Stream 0.97x (300bpm),9.24867,0,
1239533,2577113,graveyard,HUG AND KILL (vzk / Hell),9.23321,0,
1795609,3680708,graveyard,stream (d),9.23161,0,
2472167,5416572,graveyard,1.4x,9.23129,0,
2232425,4739608,graveyard,ikadump,9.2295,0,
2514119,5544227,pending,Sunlight Love,9.20811,1,
1685823,3492670,graveyard,myon [1.25x Rate],9.20127,0,
2185615,4620209,graveyard,shironi-300 BPM,9.20044,0,
2247160,4778081,graveyard,Ultimate 1.4x,9.19669,0,
2026998,4223606,graveyard,<3,9.19537,0,
1869521,3846473,graveyard,Stream BPM325,9.1923,0,
1558611,3183679,graveyard,Reverberation,9.18382,0,
2178947,4602070,graveyard,Hell,9.18228,0,
2009904,4181957,graveyard,Gate Openerz (Lefty3),9.17749,0,
2502455,5506614,graveyard,bokura no 16bit warz [300-hard] (yakisode),9.17614,0,
1963984,4071500,graveyard,nass(nerf),9.17507,0,
2420995,5268272,graveyard,^^ 0.85x,9.17447,0,
2288716,4883936,graveyard,300BPM ALERT,9.17312,0,
2504402,5513298,graveyard,^^,9.17108,0,
1654096,3376454,graveyard,Full (300bpm),9.1656,0,
1891472,3897142,graveyard,Taiko Transformation [FREQ +3] (1.19x),9.16164,0,
1884123,3887516,graveyard,Necrophilia,9.15884,0,
1952434,4043087,graveyard,Victory 1.15x,9.15846,0,
2487972,5463510,graveyard,Nightcore-Double-Angel,9.15751,0,
1963984,4071501,graveyard,nass,9.15609,0,
2533689,5602174,graveyard,irohaRingo feat. flower - Why I hate you,9.14816,0,
2289193,4885197,graveyard,Stream Style [0.95x Rate],9.14776,0,
1884149,3879337,graveyard,Master,9.14768,1,
2264277,4820288,graveyard,Universal,9.14657,0,
2555740,5676766,wip,Insane,9.1464,0,
2308251,4937394,graveyard,Oni,9.14525,0,
2188934,5282857,graveyard,^^ 1.15x,9.14382,0,
2547367,5645836,pending,eXceed 1.15x (354bpm),9.14001,0,
2502455,5506607,graveyard,Heaven's Fall [300-normal] (yakisode),9.13996,0,
2420431,5264907,graveyard,Overbreak,9.13724,0,
2299961,4914693,graveyard,Maji Yabakune 0.9x (306bpm),9.13691,0,
2264270,4820273,graveyard,Double BPM,9.13626,0,
2315908,4959471,graveyard,Burnout 280,9.13547,0,
1343055,2781903,graveyard,WORLD'S END,9.1345,0,
2340140,5027068,graveyard,COSMIC//GENESIS,9.13323,1,
2286678,4878553,graveyard,Stream 1.58x (300bpm),9.13115,0,
2446201,5339585,graveyard,End,9.12509,0,
2533689,5602165,graveyard,cosMo@BousouP - Deux Saint-Co Odyssey!!,9.12377,0,
722915,1526026,graveyard,Oni,9.12352,0,
2054484,4292305,graveyard,Hell,9.12263,0,
2403689,5449393,graveyard,Gengaozo (306 BPM),9.12263,0,
2214177,4691302,graveyard,stamina 1.1x,9.12235,0,
2083172,4362929,graveyard,Virtuous Suicide (KawaiiBass),9.11826,0,
1992096,4139378,graveyard,Challenge 1.1x (304bpm),9.11767,0,
2255305,4797680,graveyard,Stream 300bpm,9.11235,0,
1785473,3657085,graveyard,Twin [FREQ +3] (1.19x),9.11142,0,
1693377,3460232,graveyard,^^,9.1089,0,
1972235,4092393,graveyard,u-w-u (200bpm),9.10843,0,
2238724,4757978,graveyard,Psycho 1.3x,9.10754,0,
1992047,4139135,graveyard,stream!,9.10517,0,
1153663,2422987,graveyard,EXTRA+++,9.10352,0,
2464181,5393099,graveyard,1.1x,9.09944,0,
2469354,5408220,graveyard,levitate 1.4x,9.09467,0,
2311630,4945655,graveyard,stream 320bpm,9.09222,0,
2037621,4249816,graveyard,D33P,9.08898,0,
2098947,4402835,graveyard,x1.1,9.08898,0,
2465079,5396042,graveyard,>_<,9.08359,0,
2280503,4861428,graveyard,kkdd,9.08268,0,
1869521,3846472,graveyard,Stream BPM320,9.0811,0,
2318151,4974693,graveyard,Refrain 1.5,9.07559,0,
2371160,5117460,graveyard,O220TECHNO,9.07187,0,
2342573,5034988,graveyard,xD,9.06996,1,
2327799,5552979,graveyard,Lunatic Neverending Stream 1.4x (280bpm),9.06214,0,
1835283,3767925,graveyard,Double BPM short version,9.06196,0,
1239533,2577118,graveyard,Super-Fast-Internet-San (Remixed by Camellia Tofu Shop) (Salieri / SaLi Oni),9.06124,0,
2343081,5036547,graveyard,SimpleStream 0.97x (300bpm),9.059,0,
844378,4187751,graveyard,Last Calamity 0.85x (170bpm),9.05685,0,
2429749,5291090,graveyard,Synthesis.HD_data_reconstruction(),9.05143,0,
2173136,4587632,graveyard,GOD 0.9x (180bpm),9.0508,0,
1853717,3809092,graveyard,Taiko,9.04562,0,
2009904,4193358,graveyard,Kaze no Naka no Subaru ~Hyougenshatachi~ (LostF4te),9.04255,0,
2432612,5300283,graveyard,Stream 1.4x,9.04096,0,
2429749,5291091,graveyard,Synthesis.HD_data_reconstruction(SV=0),9.04001,0,
1961281,4064701,graveyard,Baka 1.4x,9.03883,0,
2009904,4196787,graveyard,Innocent Riddle (Majimanjiwwwww),9.03607,0,
2465623,5397480,graveyard,Pandemonium,9.03405,1,
2009904,4181961,graveyard,Shihen (Lefty3),9.03232,0,
2529895,5591345,pending,DAITATSUJIN,9.0307,0,
2009717,4231446,graveyard,"""Mad Scientist"" 3.00",9.02863,0,
2005505,4171042,graveyard,ikas ika,9.02633,1,
2432553,5300150,graveyard,san bai icecream!!!!!!!,9.02477,0,
2064746,4319041,graveyard,[NSV] ITS SO LOOOOOOOOOOOOOOOOOUD 1.4x,9.02437,0,
1565914,3220718,graveyard,myon [FREQ +5] (1.33x),9.02435,0,
2410171,5233878,graveyard,a 0.9x (173bpm),9.02282,0,
2044241,5053103,pending,Ultimus,9.02007,0,
2203961,4665143,graveyard,^^ 1.2x,9.0143,0,
1937859,4005973,graveyard,STREAM INDUCTANCE [FREQ +6] (1.41x),9.01367,0,
1884123,3889519,graveyard,SAtAN,9.01303,0,
2487322,5461704,graveyard,Surf 1.25x,9.01193,0,
2020577,4207914,graveyard,Scramble,9.0119,0,
2137348,4498024,graveyard,Imperial Circus Dead Decadence - BRING+EYES=DEATH+INVITE,9.01042,0,
2502455,5506606,graveyard,FAKE PROMISE [290-hard] (yakisode),9.00871,0,
1810221,3712981,graveyard,HELL ONI,9.00845,0,
2297876,4909481,graveyard,Surreal Complexity 0.8x,9.00682,0,
2266618,4917449,graveyard,stream 280bpm,9.00493,0,
2289907,4887108,graveyard,kawaii 300bpm,9.00378,0,
2346870,5047021,graveyard,Ura 0.95x,9.00356,0,
2297077,4906563,graveyard,Ichiban Daisuki!!!,9.00235,0,
1749173,3578262,graveyard,MC Ganja,9.00221,1,
1949268,4035433,graveyard,(nananass) Dogs - Dogs 1.15x,9.00076,0,
2362517,5092983,graveyard,WANTED LIST 1.3x,8.99908,0,
2275194,4848132,graveyard,Hell Oni,8.9938,0,
2068177,4327105,graveyard,Double BPM,8.98884,0,
2304794,4927081,graveyard,Hell,8.98722,0,
2395526,5188800,graveyard,380bpm,8.98588,0,
1257973,2615039,graveyard,Hell,8.98358,0,
2064141,4317322,graveyard,Frontier (360bpm),8.97803,0,
2302390,4921048,graveyard,Oni 1.05x (220bpm),8.97279,0,
2291884,4893357,graveyard,Un lucky,8.97277,0,
1869521,3846471,graveyard,Stream BPM315,8.96367,0,
2449985,5350139,graveyard,Dream,8.95974,0,
2373096,5124041,graveyard,1/6 Party 1.05x,8.95453,0,
2425470,5472366,graveyard,nerf,8.94886,0,
2185615,4620204,graveyard,mikuroni-255 BPM,8.94528,0,
1673407,3418129,graveyard,saikoro - far in the blue sky... (My Angel Koishi),8.94465,0,
2336003,5014693,graveyard,harder than scattered faith,8.93526,0,
2520506,5564641,graveyard,I'm your favorite sidekick,8.93379,0,
2389421,5503389,graveyard,streamZ (150bpm),8.9337,0,
2302404,4921088,graveyard,speedtest 0.9x (324bpm) (short),8.92937,0,
2419829,5263075,graveyard,SEXY! (1.4x),8.92912,0,
2546570,5643075,pending,Oni 1.3x,8.9273,0,
2326265,4986666,graveyard,Resurrection Magical,8.92452,0,
1311720,2718650,graveyard,Pyramid [1.6x Rate],8.92052,0,
2288716,4883935,graveyard,290BPM ALERT,8.91168,0,
2011088,4184791,graveyard,Unlimited Diff,8.9072,1,
2133527,4488288,graveyard,collab oni,8.905,0,
2374818,5128873,graveyard,Travel 0.83x (200bpm),8.90478,0,
2265160,4822407,graveyard,fairy tale 1.2x (306bpm),8.9041,0,
2520506,5564629,graveyard,nerf,8.89271,0,
2249949,4784771,graveyard,Jagger 1.3x,8.88601,0,
844378,4187749,graveyard,2023 Oni (240bpm),8.88256,0,
2290483,4888815,graveyard,Stream 1.45x (290bpm),8.88001,0,
1859298,3822037,graveyard,Under Construction,8.87973,0,
2229259,4730127,graveyard,x0.9,8.87248,0,
629068,1327880,graveyard,Expert Oni,8.87167,0,
1546065,3160091,graveyard,TAIKO DOMANITORS 1.2x,8.87113,0,
1255849,2609967,graveyard,gomi,8.86041,0,
1995957,4148148,graveyard,Despair 1.4x,8.85426,0,
562553,1189307,graveyard,Overlapse Oni,8.85405,0,
2145700,4519384,graveyard,Collapse,8.85397,0,
1360428,2815186,graveyard,Menstrual blood,8.85159,0,
2272646,4854313,graveyard,Infinity,8.84884,0,
1124597,2349891,graveyard,Mental Oni,8.84737,0,
1869521,3846470,graveyard,Stream BPM310,8.84605,0,
1257288,2612533,graveyard,Master,8.84464,0,
2348027,5050802,graveyard,White Inferno,8.84398,1,
1669328,3409039,graveyard,Challenge,8.84088,0,
1991895,4138886,graveyard,96-glass - LosLosLosLos 1.0x (300bpm),8.8389,0,
2547367,5645837,pending,eXceed 1.1x (339bpm),8.83878,0,
1758522,3600279,graveyard,Stamina Oni [1.2x Rate],8.8377,0,
2133199,4487427,graveyard,mashroom,8.83734,0,
2364500,5098248,graveyard,Dejection 1.4x,8.8371,0,
2471728,5415424,graveyard,Kohaku,8.83245,1,
2518182,5556376,graveyard,Furakutaru 1.3x,8.83241,0,
1851093,3802715,graveyard,SYNERGY,8.83219,1,
2188934,5282858,graveyard,^^ 1.1x,8.82881,0,
1609660,3286644,graveyard,DJ Sharpnel - FUTURE DOMINATORS 1.3x (KawaiiBass),8.82444,0,
2272646,5028620,graveyard,6min,8.82114,0,
2395584,5189036,graveyard,/// SPEED INSANITY ///,8.81437,1,
2553667,5669487,pending,phantom 0.8x (205bpm),8.8113,0,
2472167,5416571,graveyard,1.3x,8.80787,0,
1609660,3286645,graveyard,DJ Sharpnel - Pacific Girls 1.5x (My Angel Koishi),8.8071,0,
2137348,4498023,graveyard,Helblinde - Memoria (Original Mix),8.8054,0,
831418,1741826,graveyard,Stream290BPM,8.79935,0,
1332172,2760242,graveyard,Necromancy,8.79853,0,
2185615,4620208,graveyard,shironi-285 BPM,8.79091,0,
1954620,4248314,graveyard,Project Grimoire - Aenbharr [D],8.78892,0,
2416171,5251799,graveyard,Stream 280,8.7878,0,
1625035,3317760,graveyard,ferocious,8.78565,0,
1949268,4035435,graveyard,(Kawaiibass) NNHR - nanaks 1.07x,8.78387,0,
1952434,4043088,graveyard,Victory 1.1x,8.78121,0,
1546065,3504441,graveyard,TAIKO DOMANITORS 1.2x (NSV),8.77992,0,
1487571,3049792,graveyard,Kona Vs. _Kan2 Xenophobic Oni,8.77724,0,
2332215,5128203,graveyard,xi // Finixe,8.77629,0,
2297541,4907736,graveyard,Raijin no Dengeki 1.1x (275bpm),8.76993,0,
2009717,4231445,graveyard,"""Mad Scientist"" 2.90",8.76877,0,
2212295,4686767,graveyard,Soran,8.76657,0,
2502455,5506613,graveyard,OVERPROTECTION [290-normal] (yakisode),8.766,0,
1685823,3492671,graveyard,myon [1.2x Rate],8.76579,0,
2533689,5602197,graveyard,ZUTOMAYO - Time Left (TV Size),8.76485,0,
1992096,4139257,graveyard,Challenge 1.05x (290bpm),8.76214,0,
1609660,3286650,graveyard,Stream Dan,8.76099,0,
2098947,4402834,graveyard,x1.05,8.75575,0,
2361737,5120660,graveyard,Lycan's Sanbaiman,8.75523,0,
2360649,5087788,graveyard,>_< 1.4x,8.75244,0,
1858555,3820392,graveyard,Taiko Trial (Nerfed),8.75106,0,
2240593,4762006,graveyard,Chiptune Cacotopia,8.7508,0,
2423962,5275313,graveyard,yabai 0.9x,8.74203,0,
2351240,5059773,graveyard,DOUBLE!,8.74072,0,
2289193,4885198,graveyard,Stream Style [0.9x Rate],8.73724,0,
2393650,5183336,graveyard,2x 1.3x,8.73351,0,
1139669,2380642,graveyard,Wings (sakura_39 / Oni),8.73102,0,
2474030,5511903,graveyard,Destruction,8.73063,0,
1954620,4248313,graveyard,Project Grimoire - Aenbharr [C],8.72628,0,
1744551,3567870,graveyard,INTERNET OVERDOSE(Konpaku Sariel),8.72234,0,
2009904,4181956,graveyard,FUTURE DOMINATORS (Ikakun4),8.71679,0,
2344017,5038916,graveyard,Achromatic,8.71577,0,
2547364,5645831,pending,nerf 0.9x (180bpm),8.71265,0,
1816764,4938108,graveyard,1.3x,8.71016,0,
2255050,4797171,graveyard,DX,8.71015,0,
2478431,5436192,graveyard,end 0.8x (160bpm),8.70529,0,
2315958,4957852,graveyard,WORLD'S END,8.70135,0,
1909186,3937720,graveyard,SaLi Oni,8.69684,1,
1239533,2577112,graveyard,Dream Vandalism (applerss / Inner Oni),8.69598,0,
2533689,5602164,graveyard,chum - Sousei no Aquarion (Cut Ver.),8.69588,0,
2420995,5268273,graveyard,^^ 0.8x,8.69546,0,
1692209,3462954,graveyard,t/a/n/a/s/o/n/i,8.69198,1,
1884123,3879271,graveyard,The Empress,8.68788,0,
2042850,4262910,graveyard,t+pazolite - Cheatreal(nananass),8.68782,0,
2108664,4425671,graveyard,TSUYOI,8.68741,1,
1891472,3897141,graveyard,Taiko Transformation [FREQ +2] (1.12x),8.68531,0,
2026998,4223604,graveyard,<3 280,8.68264,0,
2102601,4411374,graveyard,Oni 1.2x,8.68152,0,
2119342,4451907,graveyard,Loli,8.68075,0,
2302404,4921080,graveyard,speedtest 0.8x (288bpm),8.67525,0,
1699152,3471868,graveyard,Eclipsed,8.67453,0,
1565914,3220717,graveyard,myon [FREQ +4] (1.26x),8.67437,0,
2327799,5552988,graveyard,Old Lunatic Stream 1.4x (280bpm),8.6721,0,
2288716,4883934,graveyard,280BPM ALERT,8.66362,0,
2022231,4211681,graveyard,Twilight 1.4x,8.66184,0,
2302390,5317183,graveyard,Oni (Edit),8.65891,0,
1384111,2859681,graveyard,uone&4sbet1's Inner Cataclysm,8.65825,0,
2275194,4898118,graveyard,cev's Ura Oni,8.65662,0,
1549892,3167256,graveyard,Menstrual blood,8.65535,0,
2302390,5108301,graveyard,Oni,8.65353,0,
2132002,4484500,graveyard,Fallen Angel,8.64739,0,
1654096,3376452,graveyard,Full (280bpm),8.64343,0,
1932437,3992569,graveyard,Mekadon Stream,8.64224,0,
2247160,4778080,graveyard,Ultimate 1.3x,8.64191,0,
2306252,4931679,graveyard,Baryogenesis [281 BPM],8.63959,0,
2364410,5097963,graveyard,Say-bing!,8.63696,0,
2556470,5678714,pending,TATAKATTERO 0.9x,8.63578,0,
2290483,4888816,graveyard,Stream 1.4x (280bpm),8.63382,0,
2281958,4865542,graveyard,Inner Oni (Short),8.63218,0,
1785473,3657084,graveyard,Twin [FREQ +2] (1.12x),8.63089,0,
951022,2201861,graveyard,Firce777's Future Oni,8.62952,0,
850390,1777963,graveyard,Angel 3,8.62814,0,
1966678,4078172,graveyard,x1.4,8.62523,0,
2373096,5124054,graveyard,1/6 Party,8.61972,0,
2469354,5408219,graveyard,levitate 1.3x,8.61722,0,
2315908,4959470,graveyard,Burnout 260,8.61652,0,
2346870,5047022,graveyard,Ura 0.9x,8.61503,0,
1869521,3846469,graveyard,Stream BPM300,8.61245,0,
2505675,5516945,graveyard,Trace of Anarchy,8.6121,1,
2416171,5251798,graveyard,Stream 272 (original),8.61124,0,
2395526,5188799,graveyard,360bpm,8.60805,0,
1937859,4005972,graveyard,STREAM INDUCTANCE [FREQ +5] (1.33x),8.60635,0,
2255305,4797679,graveyard,Stream 280bpm,8.60595,0,
2502455,5506615,graveyard,Epitaph [280-hard] (yakisode),8.60433,0,
962717,2015776,graveyard,TAIKO-HOLIC,8.59798,0,
2064746,4318863,graveyard,ITS SO LOOOOOOOOOOOOOOOOOUD 1.3x,8.59736,0,
2311630,4945654,graveyard,stream 300bpm,8.59725,0,
2064141,4317321,graveyard,Frontier (340bpm),8.59529,0,
1762194,3610831,graveyard,Lost 1.4x,8.59397,0,
2009904,4181960,graveyard,Moonearth (Lefty3),8.58814,0,
2318151,4974692,graveyard,Refrain 1.4,8.58806,0,
2376703,5134238,graveyard,Hell Oni 0.89x (392bpm),8.58464,0,
2276405,4851476,graveyard,Farewell [1.4x Rate],8.58409,0,
2009904,4193356,graveyard,FAKE PROMISE (LostF4te),8.5661,0,
1995791,5048097,graveyard,YuRa-yUrA ONi!!!,8.56438,0,
2388879,5169620,graveyard,No Going Back,8.55897,0,
831418,1741825,graveyard,Stream280BPM,8.55844,0,
2533689,5602169,graveyard,gingus - distortion plane,8.55424,0,
2327799,5552978,graveyard,Lunatic Neverending Stream 1.3x (260bpm),8.54808,0,
2402522,5211765,graveyard,Bakushinshin Stream,8.54609,0,
1862891,3856769,graveyard,Final Moment,8.54557,0,
2257577,4803540,graveyard,It's Showtime!,8.54507,0,
1758522,3600277,graveyard,Stamina Oni [1.15x Rate],8.54356,0,
1704544,3504392,graveyard,Flashback,8.54029,0,
2315506,4956063,graveyard,[Expert] Sparking Revolver / xi,8.53973,0,
1239533,2577115,graveyard,PUNCH MIND HAPPINESS (Cihyaa / YOUTA's PUNCH TAIKO),8.53961,0,
2360286,5086794,graveyard,a 1.4x (294bpm),8.53487,0,
1140529,2382290,graveyard,shakei0821's Oni,8.53421,0,
720279,1520763,graveyard,Immortal Taiko Collab,8.53062,0,
2547367,5645835,pending,eXceed 1.05x (323bpm),8.52797,0,
2214423,4692061,graveyard,LUCKY STAR 1.4x,8.52607,0,
2459048,5377858,graveyard,0.8x,8.52025,0,
2289907,4887107,graveyard,kawaii 280bpm,8.51974,0,
2238724,4757977,graveyard,Psycho 1.2x,8.51939,0,
2362517,5092982,graveyard,WANTED LIST 1.2x,8.51779,0,
2529895,5591346,pending,TATSUJIN,8.51564,0,
1008692,2111529,graveyard,Blast Oni,8.51288,0,
2006190,4172740,graveyard,Zero Dimention,8.51213,0,
2188934,5282856,graveyard,^^ 1.05x,8.51083,0,
2432612,5300282,graveyard,Stream 1.3x,8.50314,0,
2185615,4620203,graveyard,mikuroni-240 BPM,8.50236,0,
2223968,4716176,graveyard,w,8.50232,0,
1311720,2718649,graveyard,Pyramid [1.5x Rate],8.50028,0,
2487322,5461703,graveyard,Surf 1.17x,8.50026,0,
2020623,4208047,graveyard,lerler300,8.49929,0,
1203946,2507043,graveyard,///Cosmic Skyscraper///,8.49816,1,
2218274,4701984,graveyard,x1.4,8.49778,0,
2402522,5210538,graveyard,Bakushin God,8.49252,0,
2533689,5602163,graveyard,Bambee - Bumble Bee (Game Ver.) (Nightcore Mix),8.49211,0,
1884123,3887517,graveyard,Seven Style,8.49052,0,
2398409,5197559,graveyard,T 1.19x (170bpm),8.48935,0,
1961281,4064700,graveyard,Baka 1.3x,8.48794,0,
1546065,3160042,graveyard,TAIKO DOMANITORS 1.1x,8.48712,0,
1949268,4035437,graveyard,(ekumea1123) R.I.P. - Fade 1.11x,8.48667,0,
2370306,5238241,graveyard,PLAY!,8.48639,0,
1359266,2812738,graveyard,Beta-Endorphin,8.48289,1,
2266618,4826281,graveyard,stream 260bpm,8.48057,0,
2533689,5602178,graveyard,kors k feat. Sunao Yoshikawa - 7 Colors,8.47878,0,
2161743,5212362,graveyard,Hell Oni,8.47403,0,
2327799,5552984,graveyard,Lunatic Stream 1.4x (280bpm),8.47124,0,
1339377,2774895,graveyard,EX'S ULTIMATE CHALLENGE,8.47027,0,
2215577,4694217,graveyard,a 1.3x (267bpm),8.46845,0,
2009904,4196785,graveyard,Burst Linker (Lefty3),8.46576,0,
1922351,4055014,graveyard,Lord of Shadow Flow 1.26x (250bpm),8.46519,0,
1490176,3054573,graveyard,MC Ganja,8.463,0,
2274087,4845010,graveyard,Tachyon 1.4x (252bpm),8.45666,0,
2062947,4314422,graveyard,Absolute Null Oni,8.45285,0,
1479178,3034571,graveyard,a,8.45246,1,
2214177,4691304,graveyard,stamina,8.44785,0,
1685823,3492668,graveyard,myon [1.15x Rate],8.44432,0,
2419829,5263074,graveyard,FRIGGIN (1.3x),8.44375,0,
2077780,4350669,graveyard,tech,8.44055,0,
2464181,5393103,graveyard,Just Notice Me,8.43919,0,
1546065,3504440,graveyard,TAIKO DOMANITORS 1.1x (NSV),8.43852,0,
2042850,4262901,graveyard,Creepy Nuts - Daten(nananass),8.43802,0,
2455754,5368242,pending,Lunatic Oni,8.43791,0,
1139669,2639672,graveyard,monolith (Speed Up Ver.) (Shallty / Walk the walk),8.43786,0,
1992096,4139380,graveyard,Challenge,8.4351,0,
1937859,4015634,graveyard,TAIKO INDUCTANCE [FREQ +6] (1.41x),8.43471,0,
1954620,4048162,graveyard,Toby Fox - THE WORLD REVOLVING (Raytoly Arrange) [D],8.43308,0,
1232365,2561917,graveyard,goreshit - Shit Palette 2.0 (Challenge) [23] [249],8.42715,0,
2343081,5036476,graveyard,Stream 0.87x (270bpm),8.42598,0,
2098947,4402833,graveyard,Oni,8.42205,0,
2001192,4162113,graveyard,Pacific Oni 260,8.42121,0,
2162414,4560235,graveyard,Inner Oni,8.41993,0,
1991895,4140715,graveyard,TV CF - Oronamin C,8.41409,0,
2288716,4883933,graveyard,270BPM ALERT,8.41288,0,
2502455,5506609,graveyard,#WE <3 YURI [270-hard] (yakisode),8.40767,0,
2502455,5506612,graveyard,Aimai Attitude (feat. Nakamura Sanso) [300-easy] (yakisode),8.4058,0,
2546570,5643074,pending,Oni 1.2x,8.39881,0,
1865460,3837126,graveyard,CATBOYPILLED 300,8.3977,0,
1255849,2609966,graveyard,Deadly Stream,8.39745,0,
1153663,2407831,graveyard,Shredding Whole Your Belonging Space-Time System,8.39729,0,
2185615,4620207,graveyard,shironi-270 BPM,8.39636,0,
2290483,4888813,graveyard,Stream 1.35x (270bpm),8.39157,0,
1139669,2380644,graveyard,Little Batty Foo Foo (Ryui / Taiko Collab),8.39141,0,
2371160,5117417,graveyard,O280STREAM,8.38962,0,
1997977,4152799,graveyard,Androgynous (280bpm),8.38813,0,
2203961,4665142,graveyard,^^ 1.1x,8.38663,0,
2371160,5117459,graveyard,O200TECHNO,8.37739,0,
2159553,4553330,graveyard,Imperishable Luminescence,8.37626,1,
2206699,4672523,graveyard,Viciously Subdued in a Web of Deceitful Temptation,8.37466,0,
2336557,5016130,graveyard,DEMOLITION,8.37386,0,
2533689,5602176,graveyard,Kicco & Ouse Akira - Ayashi Tsukiyo no Enishi yori (Game Ver.),8.3723,0,
1232365,2561932,graveyard,Shouichi Taguchi feat. Chata - anti (Medium) [23] [276],8.36977,0,
2533689,5602170,graveyard,Hakushi Hasegawa - Scary Point,8.3625,0,
2513141,5540013,graveyard,dork,8.36026,0,
1937831,4005791,graveyard,stream?,8.3522,0,
1869521,3846468,graveyard,Stream BPM290,8.35021,0,
2289193,4885195,graveyard,Stream Style [0.85x Rate],8.34757,0,
2502455,5506610,graveyard,Kamiari Algorithm (katagiri Bootleg) [290-easy] (yakisode),8.34569,0,
2502455,5506608,graveyard,Chousai Kenbo Sengen [280-normal] (yakisode),8.34235,0,
1949268,4035436,graveyard,(KawaiiBass) Lolly Tomboy - Fluctus 1.58x,8.33978,0,
2416171,5251797,graveyard,Stream 260,8.33031,0,
1558611,3183678,graveyard,Reverberation (Short ver.),8.32953,0,
2254537,4795827,graveyard,Neo 320bpm,8.32696,0,
2217925,4701154,graveyard,1.4x,8.32565,0,
679753,2496037,graveyard,EXHAUST,8.32437,0,
1891472,3897140,graveyard,Taiko Transformation [FREQ +1] (1.06x),8.32123,0,
1995957,4148147,graveyard,Despair 1.3x,8.31218,0,
1724975,3525388,graveyard,Paka,8.30825,0,
2249949,4784770,graveyard,Jagger 1.2x,8.30348,0,
831418,1741824,graveyard,Stream270BPM,8.30329,0,
2265160,4822406,graveyard,fairy tale 1.1x (280bpm),8.29874,0,
730642,1541973,graveyard,Sorcery Light,8.29667,0,
2009717,4231444,graveyard,"""Mad Scientist"" 2.70",8.29639,0,
1785473,3657083,graveyard,Twin [FREQ +1] (1.06x),8.29522,0,
2364500,5098247,graveyard,Dejection 1.3x,8.28682,0,
2289058,4884844,graveyard,give me 1.15x,8.28519,0,
2289907,4887106,graveyard,kawaii 270bpm,8.28388,0,
2348027,5050794,graveyard,Boiling Point,8.28019,0,
2472167,5416570,graveyard,1.2x,8.27598,0,
2360649,5087787,graveyard,>_< 1.3x,8.27125,0,
1673407,3418125,graveyard,DJ Sharpnel - IVALTEK 1.3x (KawaiiBass),8.2696,0,
814850,1916496,wip,Skull Kid's HONISTY,8.26705,0,
1834496,3766165,graveyard,Ultra instinct,8.26592,0,
2518182,5556375,graveyard,Furakutaru 1.2x,8.26525,0,
1318851,2732120,graveyard,Limit Break,8.26083,0,
2034661,4242154,graveyard,ikas ika,8.26046,0,
1758522,3600278,graveyard,Stamina Oni [1.1x Rate],8.25763,0,
2326265,4986667,graveyard,Short ver.,8.25703,0,
1937859,4005971,graveyard,STREAM INDUCTANCE [FREQ +4] (1.26x),8.24617,0,
2231590,4736731,graveyard,Dancer 300,8.24564,0,
2343081,5036545,graveyard,SimpleStream 0.87x (270bpm),8.23825,0,
2476202,5429123,graveyard,V.I.S.,8.23401,0,
939967,1963258,graveyard,Stream [1.45x Rate],8.23119,0,
2395526,5188798,graveyard,340bpm,8.2296,0,
1332590,2760969,graveyard,bloodstained snow,8.22747,0,
1139669,2464640,graveyard,Overkill (Fallmorph / Emergency),8.22732,0,
2388609,5168997,graveyard,Obliteration,8.22342,0,
1673407,3418128,graveyard,laserimouto - Prismatix 1.35x (KawaiiBass),8.22225,0,
1139669,2639671,graveyard,HOPE (Speed Up ver.) (Shallty / Hope Oni),8.22063,0,
1949268,4035424,graveyard,(soloist) Seven Style - Shallty Style 1.07x,8.21885,0,
2120098,4454114,graveyard,Eternal Tribute,8.21808,0,
2313399,4950339,graveyard,Extra(WIP),8.21783,0,
2520506,5562964,graveyard,I'm your favorite sidekick 0.9x,8.21763,0,
1922351,4055013,graveyard,Lord of Shadow Flow 1.21x (240bpm),8.2122,0,
2257657,4803751,graveyard,Amplifying // 314,8.20707,0,
2443838,5332823,graveyard,Spark,8.20504,0,
1949353,4035665,graveyard,Taiko 1.36x (300bpm),8.20421,0,
2533689,5602190,graveyard,Street feat. Yuzuriha Erika - Song of Truth,8.20071,0,
2393650,5183335,graveyard,2x 1.2x,8.2006,0,
2513141,5540015,graveyard,i must apologise,8.19965,0,
1782462,3932534,graveyard,Ideal's Inferno,8.19924,0,
2376703,5134237,graveyard,Hell Oni 0.85x (374bpm),8.1973,0,
1704544,3482881,graveyard,Short ver,8.19385,0,
2042850,4262907,graveyard,Nanamori-chu * Goraku-bu - Happy Time wa Owaranai(nananass),8.19153,0,
1351231,2797425,graveyard,nako,8.18998,0,
2547367,5645839,pending,eXceed,8.18936,0,
1763113,3608720,graveyard,Battlefield,8.1874,1,
2088676,4377019,graveyard,Reika's chart,8.18551,0,
2533689,5602167,graveyard,diaxart - 2024 (Bad Apple x u i a oiiaoiia cat),8.18133,0,
2327799,5552987,graveyard,Old Lunatic Stream 1.3x (260bpm),8.17724,0,
2533689,5602162,graveyard,Luna Fozer - Overjoy * OVERDOSE!!,8.17651,0,
2502455,5506611,graveyard,#1208 [260-hard] (yakisode),8.17623,0,
480449,1584222,graveyard,tiko,8.17516,1,
2533689,5602195,graveyard,Watahana Ame - Yurushite Neko!!,8.17376,0,
2292262,4894299,graveyard,star *,8.17126,0,
1565914,3220716,graveyard,myon [FREQ +3] (1.19x),8.17093,0,
1952434,4043092,graveyard,Victory,8.17,0,
2520506,5562968,graveyard,nerf 0.9x,8.16947,0,
1816764,4938107,graveyard,1.2x,8.16858,0,
1511445,3353343,graveyard,Miracle Taiko [FREQ +6] (1.41x),8.1654,0,
2185615,4620206,graveyard,shironi-255 BPM,8.16526,0,
2363685,5095920,graveyard,Strawberry Flavor,8.16268,1,
2322004,4974949,graveyard,paranoid,8.16259,0,
2288716,4883932,graveyard,260BPM ALERT,8.1625,0,
2533689,5602179,graveyard,KOTOKO - Sakuranbo Kiss ~Bakuhatsu Damo~n~,8.16212,0,
1255849,2609968,graveyard,Inner Oni,8.15786,0,
2188934,5282860,graveyard,^^,8.15656,0,
1767679,3618341,graveyard,Oni,8.15319,0,
1233779,3650696,graveyard,-Abyss-,8.15223,0,
2312010,4946692,graveyard,Hell Kantan,8.1514,0,
1685823,3492669,graveyard,myon [1.1x Rate],8.15129,0,
880505,1841226,graveyard,Zenzen Chinchin,8.15078,0,
2022231,4211680,graveyard,Twilight 1.3x,8.14989,0,
2286678,4878554,graveyard,Stream 1.37x (260bpm),8.14745,0,
760371,1599194,graveyard,Stream fanower,8.14663,0,
2026998,4223603,graveyard,<3 260,8.14653,0,
2290483,4888814,graveyard,Stream 1.3x (260bpm),8.14537,0,
2393676,5183394,graveyard,Psychopathic Deathstream,8.14486,0,
2403689,5449399,graveyard,Psycho Fuck (250BPM with 1/6),8.14486,0,
1997977,4152798,graveyard,Androgynous (270bpm),8.14483,0,
617785,2060186,graveyard,nas,8.14209,0,
1966678,4078171,graveyard,x1.3,8.13988,0,
2306252,4934333,graveyard,A Cybernetic-Superluminal-Apocalyptic Post-War Divination [230-280 BPM],8.13299,0,
1744551,3567873,graveyard,N(layxa),8.13275,0,
2297541,4907739,graveyard,Raijin no Dengeki,8.1326,0,
2306252,4933070,graveyard,Intersect Thunderbolt-Remix [250 BPM],8.1326,0,
1046952,2188565,graveyard,20032.5,8.13254,0,
1630896,3329300,graveyard,Spooky,8.13203,0,
2495037,5483940,graveyard,Firce Force,8.13109,0,
1937859,4015633,graveyard,TAIKO INDUCTANCE [FREQ +5] (1.33x),8.12901,0,
2311630,4945653,graveyard,stream 280bpm,8.12821,0,
2272646,5028619,graveyard,3.5min,8.12575,0,
2470987,5412839,graveyard,ATP500,8.1257,0,
2398409,5197558,graveyard,T 1.12x (160bpm),8.12361,0,
1949268,4035431,graveyard,(loneyze) chaosmaid - PROTEIN 0.79x,8.12173,0,
2308485,4938086,graveyard,"[Kyoro] - Mochio- [1,1,1,1,1,1,2,2,2,3,3]",8.12143,0,
689970,1460366,graveyard,1km/s,8.121,0,
728613,1538225,graveyard,WereOni,8.11603,0,
2315908,4959469,graveyard,Burnout 240,8.11543,0,
1654096,3376479,graveyard,Full (260bpm),8.11396,0,
2255305,4797678,graveyard,Stream 260bpm,8.11161,0,
1869521,3846475,graveyard,Stream,8.11012,0,
2502455,5506603,graveyard,Clumsy thoughts [270-normal] (yakisode),8.10879,0,
2547866,5647046,pending,Intelligence,8.1056,0,
2247160,4778079,graveyard,Ultimate 1.2x,8.1051,0,
1762194,3606832,graveyard,Lost 1.3x,8.10448,0,
1143132,2387158,graveyard,Starlight,8.10198,0,
1609660,3286646,graveyard,goreshit - slavik goblins (KawaiiBass),8.09597,0,
1763703,3609947,graveyard,Neko Warrior,8.09297,0,
2318151,4974691,graveyard,Refrain 1.3,8.08961,0,
1954620,4113356,graveyard,Tatsh - Xevel [C],8.08711,0,
2276405,4851475,graveyard,Farewell [1.3x Rate],8.08656,0,
1884123,3887518,graveyard,The Limit Does Not Exist,8.08552,0,
1590989,3249434,graveyard,Stream Bomb 270,8.08452,0,
844378,1766326,graveyard,Last Moment,8.08372,0,
2185615,4620202,graveyard,mikuroni 225BPM,8.08278,0,
1954620,4048161,graveyard,Toby Fox - THE WORLD REVOLVING (Raytoly Arrange) [C],8.08034,0,
1862891,3830630,graveyard,Final Phase,8.0785,0,
2170055,4579640,graveyard,Hell Oni,8.07561,0,
1949268,4035423,graveyard,(X a v y) Susamaji Sakki!!!! 1.07x,8.07389,0,
2303998,4924961,graveyard,Singularity 1.4x,8.07335,0,
1311720,2718648,graveyard,Pyramid [1.4x Rate],8.0686,0,
1949268,4035426,graveyard,(Love) slavik goblins - ai 1.11x,8.06648,0,
1609660,3286652,graveyard,Vaenus - LazorBeamz (KawaiiBass),8.06631,0,
1232365,2561926,graveyard,katagiri - Penguins Prank Party (Medium) [23] [280],8.06519,0,
831418,1741823,graveyard,Stream260BPM,8.06233,0,
1921552,3966292,graveyard,Tipos Como Tu (320bpm),8.06122,0,
2511814,5536430,graveyard,This is how it should be!,8.05944,0,
1932437,3992568,graveyard,Mania Converted,8.05762,0,
2553666,5669485,pending,Flux,8.05653,0,
2403689,5449390,graveyard,Enuma Elis (234 BPM),8.05579,0,
2183411,4630588,graveyard,Mira's Undersea Labyrinth,8.05551,0,
2102601,4411373,graveyard,Oni 1.1x,8.05111,0,
2064746,4318862,graveyard,ITS SO LOOOOOOOOOOOOOOOOOUD 1.2x,8.04972,0,
1673407,3418121,graveyard,Aquestion - fragment 1.3x (KawaiiBass),8.04845,0,
2147824,4525265,graveyard,EXTRA,8.04812,0,
2214423,4692060,graveyard,LUCKY STAR 1.3x,8.04748,0,
2533689,5602188,graveyard,Silentroom - Alt Futur,8.04395,0,
2360286,5086793,graveyard,a 1.3x (273bpm),8.04334,0,
2467319,5402227,graveyard,Hypothermia,8.04299,0,
2158760,4551249,graveyard,Ambivalence 1.43x,8.04267,0,
2533689,5602184,graveyard,PSYQUI - Still Lonesome,8.04185,0,
1344711,2785004,graveyard,285,8.04134,0,
2289907,4887082,graveyard,kawaii 260bpm,8.04122,0,
1232365,2561908,graveyard,Camellia feat. Nanahira - Shakunetsu Candle Master Tomosy [21] [250],8.04092,0,
2023321,4214459,graveyard,The 124th Netherworld War,8.04047,1,
2317286,4962142,graveyard,Crazy Oni,8.03528,1,
1415091,2916522,graveyard,Fever Time!,8.03405,0,
2020623,4208046,graveyard,lerler280,8.03282,0,
2167674,4573328,graveyard,HELL STREAM,8.03087,0,
1954620,4113400,graveyard,Tatsh - Xevel [D],8.02937,0,
1232365,2561919,graveyard,Gram vs. Camellia - Ragnarok [20] [234],8.02737,0,
2340076,5026890,graveyard,Dance of Destruction,8.02162,1,
2327799,5552977,graveyard,Lunatic Neverending Stream 1.2x (240bpm),8.02086,0,
2321693,4974077,graveyard,CULMINATION,8.01965,1,
2218274,4701983,graveyard,x1.3,8.01664,0,
2514119,5544332,pending,Love Oni,8.01643,0,
2041522,4259407,graveyard,Double BPM,8.01633,0,
617785,2409466,graveyard,kiyOni 2020,8.01405,0,
2308485,4938088,graveyard,"ClariS - Connect (Nightcore Trance Remix) [1,1,1,1,1,1,2,2,2,3,3]",8.01396,0,
1199903,2498706,graveyard,>_<*,8.01348,0,
939967,1963259,graveyard,Stream [1.4x Rate],8.01056,0,
1466394,3022433,graveyard,xxx (Acquitted),8.01007,0,
648354,1373560,graveyard,Oni,8.0059,0,
1232365,2561934,graveyard,Slax - Cutening [22] [260],8.00539,0,
1949268,4035428,graveyard,(hoku) Heaven's Fall  - 7_7's Warrior 1.07x,8.00527,0,
2487322,5461702,graveyard,Surf 1.08x,8.00495,0,
2469354,5408218,graveyard,levitate 1.2x,8.00489,0,
2327799,5552983,graveyard,Lunatic Stream 1.3x (260bpm),8.00179,0,
1954610,4048140,graveyard,yaseta - Bluenation [D],8.00049,0,
1754533,3590550,graveyard,Delightful Sundae+HR,7.99621,0,
1980692,4112862,graveyard,WereOni,7.99058,0,
1972235,4092394,graveyard,u-w-u,7.98682,0,
1980692,5212337,graveyard,WereOni (SGTS ver.),7.98608,0,
2136923,4496904,graveyard,Inner Oni,7.98599,0,
1232365,2561918,graveyard,goreshit - Shit Palette 2.0 (Medium) [21] [249],7.98541,0,
2413979,5244324,graveyard,Eternity,7.98418,0,
1094963,2288420,graveyard,Stream [1.45x Rate],7.98176,0,
2009904,4196786,graveyard,Flower Forever (Lefty3),7.98141,0,
2289058,4884845,graveyard,give me 1.1x,7.98106,0,
2432612,5300281,graveyard,Stream 1.2x,7.973,0,
1754533,3590549,graveyard,Delightful Sundae,7.96857,0,
1196348,2492039,graveyard,Challenge 300,7.966,0,
2274087,4845009,graveyard,Tachyon 1.3x (234bpm),7.964,0,
2009904,4193357,graveyard,FUTURE DOMINATORS (LostF4te),7.95959,0,
2238724,4757976,graveyard,Psycho 1.1x,7.95818,0,
2529895,5592758,pending,Noah's HELL ONI,7.95675,1,
2502455,5506617,graveyard,lazorbeamz [260-normal] (yakisode),7.95663,0,
1093427,2285349,graveyard,Last,7.95406,0,
2417952,5257326,graveyard,cuteeee,7.95219,0,
2289193,4885196,graveyard,Stream Style [0.8x Rate],7.95187,0,
2266618,4917457,graveyard,stream,7.94846,0,
974639,2040084,graveyard,Tatsujin,7.94751,0,
1047830,2190243,graveyard,Last Blow,7.94705,0,
2340140,5027070,graveyard,PLANET//SHAPER,7.94544,0,
2068558,4331982,graveyard,Loneliness in a Corner,7.94488,0,
1865460,3837125,graveyard,CATBOYPILLED 280,7.94078,0,
1922351,4055012,graveyard,Lord of Shadow Flow 1.16x (230bpm),7.93366,0,
2315506,4956064,graveyard,[Hard] GO! GO! MANIAC,7.93324,0,
1891472,3897146,graveyard,Taiko Transformation,7.93089,0,
1758522,3598832,graveyard,Stamina Oni [1.05x Rate],7.92585,0,
2547364,5645830,pending,nerf 0.8x (160bpm),7.92369,0,
1785473,3657089,graveyard,Twin,7.92258,0,
1961281,4064699,graveyard,Baka 1.2x,7.9216,0,
907241,1893145,graveyard,Lunatic,7.92026,0,
594801,1257982,graveyard,Let's Go,7.91952,1,
2362517,5092981,graveyard,WANTED LIST 1.1x,7.91445,0,
2419829,5263076,graveyard,SO (1.2x),7.91264,0,
2288716,4883931,graveyard,250BPM ALERT,7.90849,0,
2001192,4162112,graveyard,Pacific Oni 240,7.90568,0,
1991895,4138888,graveyard,Mitsuhiko Izumi - Snow Goose 1.5x (300bpm),7.90521,0,
2556470,5678713,pending,TATAKATTERO 0.8x,7.90463,0,
2474030,5511821,graveyard,Hell Oni,7.90394,0,
1997977,4152797,graveyard,Androgynous (260bpm),7.90343,0,
2159857,4646427,graveyard,Firce777's Taiko,7.90238,0,
1154271,2410094,graveyard,APLE,7.90161,0,
1185499,2471001,graveyard,SaLi&Lix Collab Unti Oni,7.89405,0,
2489571,5468087,graveyard,Hell Oni,7.89389,1,
2376703,5134236,graveyard,Hell Oni 0.81x (356bpm),7.88768,0,
2371160,5117416,graveyard,O260STREAM,7.88678,0,
2066089,4323012,graveyard,Madness,7.88237,1,
2417952,5257327,graveyard,cuteeeee (short ver.),7.88212,0,
2110516,4430257,graveyard,Demon,7.88116,0,
1937859,4005970,graveyard,STREAM INDUCTANCE [FREQ +3] (1.19x),7.88056,0,
1466394,3011506,graveyard,xxx (Imprisoned),7.87871,1,
1509920,3092223,graveyard,Suisei's OMANKO,7.87813,0,
1353350,2801602,graveyard,Powerful Oni,7.87737,1,
2533689,5602194,graveyard,TUYU - Territory Battle,7.87664,0,
1685823,3445272,graveyard,myon [1.05x Rate],7.87603,0,
2254537,4795826,graveyard,Neo 300bpm,7.87429,0,
1949268,4035430,graveyard,(liku) Birgit willst du mich - ? 1.21x,7.87328,0,
2423962,5275312,graveyard,yabai 0.8x,7.87228,0,
1511445,3353342,graveyard,Miracle Taiko [FREQ +5] (1.33x),7.86746,0,
1954610,4048139,graveyard,yaseta - Bluenation [C],7.86533,0,
2513141,5540014,graveyard,having fun + playing,7.86523,0,
2504326,5513112,graveyard,Fluttering Wings,7.8558,1,
2416171,5251796,graveyard,Stream 240,7.84992,0,
2403689,5449400,graveyard,Shoujo A (260 BPM),7.84901,0,
2533689,5602196,graveyard,you - Wake Up,7.84865,0,
925700,1933564,graveyard,Heretic,7.8474,1,
1720477,3516010,graveyard,Steady Bom Bi Bi,7.84665,0,
1590989,3249433,graveyard,Stream Bomb 260,7.84534,0,
1954610,4048128,graveyard,Camellia - Clouds in the Blue [D],7.84519,0,
2395526,5188797,graveyard,320bpm,7.84193,0,
1154271,2409085,graveyard,YAZD,7.83985,0,
2156172,4662804,graveyard,Inner Oni,7.83833,0,
2009904,4181959,graveyard,Mmmmmmm (Lefty3),7.83115,0,
974568,2039900,graveyard,Abandoned Oni,7.83098,0,
831418,1741822,graveyard,Stream250BPM,7.83016,0,
1869514,3846445,graveyard,Oni,7.82803,0,
2042850,4262906,graveyard,Memme - Acid Burst(nananass),7.82736,0,
2243221,4768141,graveyard,Chiptune Apocalypse,7.82554,1,
1992047,4139132,graveyard,ichiban tatakizurai!,7.82498,0,
2513141,5540021,graveyard,vanilla chocolat (nightcore & cut ver.),7.8212,0,
2546570,5643073,pending,Oni 1.1x,7.82051,0,
2502455,5506616,graveyard,The Glory Days [280-easy] (yakisode),7.81906,0,
1415091,2916548,graveyard,Fever Time!(Short ver.),7.81779,0,
2009717,4231443,graveyard,"""Mad Scientist"" 2.50",7.81731,0,
1558751,3183966,graveyard,AiAeAiAeAiAeAeA (TSR Edit),7.81555,0,
2060752,4307776,graveyard,Solar Flare,7.81454,0,
1884123,3887519,graveyard,XY&Z,7.81322,0,
1995957,4148146,graveyard,Despair 1.2x,7.81079,0,
1949268,4035432,graveyard,(In Dark Sky) Never to Fade Away (Cut Ver.) - Master 1.2x,7.80901,0,
1565914,3220715,graveyard,myon [FREQ +2] (1.12x),7.80609,0,
2290416,4888689,graveyard,flrce777's Taiko,7.80411,1,
2332215,5103337,graveyard,t+pazolite // Beatboxer VS Trackmaker feat. KAJI & Kohey,7.80399,0,
1228933,2715499,wip,"Chieri Ogata, Rika Jougasaki, Riina Tada // Angel Dream",7.80384,0,
1257288,2612532,graveyard,Expert,7.80352,0,
730642,1541972,graveyard,Bloody Crisis,7.8028,0,
2502455,5506618,graveyard,Mono Crossroad [270-easy] (yakisode),7.8026,0,
1546065,3160094,graveyard,TAIKO DOMANITORS,7.79088,0,
2005930,4174726,graveyard,Hell Oni,7.78988,0,
2249949,4784769,graveyard,Jagger 1.1x,7.78895,0,
939967,1963256,graveyard,Stream [1.35x Rate],7.78609,0,
1937859,4015632,graveyard,TAIKO INDUCTANCE [FREQ +4] (1.26x),7.78575,0,
2231590,4736730,graveyard,Dancer 280,7.78571,0,
2058751,4302967,graveyard,No inner oni,7.78357,1,
1949268,4035425,graveyard,(Raphalge) i didn't need you anyway - inner oni 1.36x,7.77962,0,
2338736,5022696,graveyard,Affliction,7.77862,1,
2185615,4620205,graveyard,shironi-240 BPM,7.77848,0,
2103417,4413294,graveyard,Welcome To My World.,7.77621,0,
1432030,2947575,graveyard,On9,7.77612,1,
2364500,5098246,graveyard,Dejection 1.2x,7.77473,0,
2533689,5602168,graveyard,Giga & TeddyLoid feat. Amane Kanata - Knock it out!,7.77458,0,
1232365,2561924,graveyard,katagiri - L4.8TS (Challenge) [20] [228],7.7738,0,
1437918,2958597,graveyard,ULT!MATE ON!,7.77323,0,
1546065,3160127,graveyard,TAIKO DOMANITORS (NSV),7.77306,0,
2539965,5622068,graveyard,Overdone,7.76934,0,
1869521,3846467,graveyard,Oni,7.76753,0,
850390,1777973,graveyard,stream 1.45,7.76664,0,
1228933,2650731,wip,P*Light // Gekkou Ranbu,7.76598,0,
2502455,5506604,graveyard,AMANE Knock out [260-easy] (yakisode),7.76345,0,
1754533,3590566,graveyard,Delightful Sundae+HR (short ver.),7.76212,0,
1094963,2288421,graveyard,Stream [1.4x Rate],7.7613,0,
2360649,5087786,graveyard,>_< 1.2x,7.75181,0,
1632413,3332164,graveyard,Catastrophic,7.745,0,
2064141,4317320,graveyard,Frontier (300bpm),7.7415,0,
962717,2039882,graveyard,Nepuri's Inner Oni is a joke,7.74133,0,
1283642,2665727,graveyard,PERFECT CHALLENGE,7.74105,0,
2203961,4665145,graveyard,^^,7.73477,0,
1881507,3873616,graveyard,Challenge,7.73449,0,
1754533,3590565,graveyard,Delightful Sundae (short ver.),7.73374,0,
2398409,5197557,graveyard,T 1.07x (153bpm),7.73203,0,
1238822,2575702,graveyard,BreakDown,7.72517,0,
2022902,4213372,graveyard,s,7.71939,0,
844378,4187750,graveyard,2023 Oni,7.71316,0,
2393676,5186691,graveyard,nerf,7.71195,0,
2403689,5449398,graveyard,Psycho Fuck (250BPM no 1/6),7.71195,0,
1718543,3511997,graveyard,vs. Tamate,7.70941,0,
2265160,4822409,graveyard,fairy tale,7.7083,0,
1782886,3651240,graveyard,Deathstreams!!!!!!!!!,7.7032,0,
2518182,5556374,graveyard,Furakutaru 1.1x,7.69296,0,
2306252,4931681,graveyard,Ragnarok [234 BPM],7.69199,0,
2472167,5416569,graveyard,1.1x,7.69165,0,
2403689,5449394,graveyard,hurricanic (190 BPM) (troll ver.),7.68703,0,
2533689,5602193,graveyard,Tomari Mari - Mari <3 Age (Short Ver.),7.68584,0,
2163089,4561813,graveyard,collab oni,7.68094,0,
1922351,4055011,graveyard,Lord of Shadow Flow 1.11x (220bpm),7.68046,0,
2132002,4867308,graveyard,Fallen Angel (nerfed),7.67659,0,
2327799,5552986,graveyard,Old Lunatic Stream 1.2x (240bpm),7.67553,0,
1453854,2988810,graveyard,Can we pretend that airplanes in the night sky are like shootin' stars,7.66925,0,
2420995,5266668,graveyard,^^ 0.7x,7.66921,0,
2217925,4701153,graveyard,1.3x,7.66843,0,
2311630,4945652,graveyard,stream 260bpm,7.66763,0,
1927849,3981240,graveyard,Farewell,7.66677,0,
2022231,4211679,graveyard,Twilight 1.2x,7.66483,0,
1997977,4152796,graveyard,Androgynous (250bpm),7.65654,0,
1966678,4078170,graveyard,x1.2,7.65162,0,
1228933,2649011,wip,gi(a)rlish number // Bloom (K-2),7.65098,0,
2288716,4883930,graveyard,240BPM ALERT,7.64925,0,
1695117,3463671,graveyard,Get up,7.64897,1,
967993,2025614,graveyard,=v=,7.6479,1,
2533689,5602181,graveyard,Loar feat. Hatsune Miku - Kanjou Deceive,7.64705,0,
1725137,3525724,graveyard,Deviation,7.64686,1,
1734716,3545535,graveyard,Ephemeral Scarlet Floweret,7.64606,0,
2393650,5183325,graveyard,2x 1.1x,7.64497,0,
2290483,4888812,graveyard,Stream 1.2x (240bpm),7.64491,0,
2533689,5602183,graveyard,moo - anim3,7.64329,0,
2163089,4561814,graveyard,TWC edit,7.64287,0,
2210947,4683452,graveyard,Double BPM,7.64196,1,
2343081,5036550,graveyard,Stream 0.77x (240bpm),7.64129,0,
1232365,2561923,graveyard,katagiri - katagiri catchball [19] [220],7.63385,0,
1228933,2555286,wip,ONE OK ROCK // Kanzen Kankaku Dreamer (K-2),7.63307,0,
2332215,5003951,graveyard,Mitsuyoshi Takenobu no Ani // Amphisbaena,7.62796,0,
2447984,5344374,graveyard,1000 bars per hour,7.62156,0,
1311720,2718647,graveyard,Pyramid [1.3x Rate],7.61878,0,
2459048,5377860,graveyard,0.7x,7.61784,0,
1202172,2503700,graveyard,Slam it down!,7.61452,0,
2312010,4946693,graveyard,Kantan,7.61002,0,
1373515,2839587,graveyard,hatred,7.60878,0,
1816764,4938106,graveyard,1.1x,7.6071,0,
1758522,3600280,graveyard,Stamina Oni,7.60604,0,
2318151,4974690,graveyard,Refrain 1.2,7.60467,0,
2264405,4820660,graveyard,Taaiko,7.60335,1,
2487972,5463517,graveyard,Double-Angel,7.60207,0,
1228933,2783104,wip,Falcom Sound Team JDK // Over Drive,7.60184,0,
2068558,4328073,graveyard,Loneliness in a Corner (Short Ver.),7.60156,0,
2315908,4957769,graveyard,Burnout 220,7.60002,0,
2364505,5098256,graveyard,m_poni: angery camel,7.59914,0,
2483328,5449378,graveyard,Hagure no Color (256 BPM),7.59597,0,
1511445,3353341,graveyard,Miracle Taiko [FREQ +4] (1.26x),7.59506,0,
2348027,5050796,graveyard,Hell Oni,7.59444,0,
2342391,5034599,graveyard,chronostasis,7.59373,0,
951022,2184003,graveyard,Hell Oni,7.59118,0,
1228933,2675967,wip,Nizikawa // Babel feat. nayuta,7.58867,0,
2303998,4924960,graveyard,Singularity 1.3x,7.58809,0,
946591,1977148,graveyard,Invincibility,7.58668,0,
1762194,3606834,graveyard,Lost 1.2x,7.58601,0,
1992047,4139133,graveyard,mettya tatakidurai!,7.58437,0,
831418,1741821,graveyard,Stream240BPM,7.58123,0,
2020623,4208045,graveyard,lerler260,7.58095,0,
2276405,4851474,graveyard,Farewell [1.2x Rate],7.57944,0,
1947593,4029967,graveyard,Mystical Twilight,7.57843,0,
1479178,3034572,graveyard,e,7.57088,0,
2360286,5086792,graveyard,a 1.2x (252bpm),7.56889,0,
2247160,4778078,graveyard,Ultimate 1.1x,7.56817,0,
2374616,5128255,graveyard,Ugly Guy,7.56332,0,
1609660,3286649,graveyard,katagiri - Never to Fade Away (KawaiiBass),7.56133,0,
939967,1963257,graveyard,Stream [1.3x Rate],7.55909,0,
2199177,4654084,graveyard,Resonance of the Council,7.55887,0,
2214423,4692059,graveyard,LUCKY STAR 1.2x,7.55621,0,
2476303,5429419,graveyard,- Oni-,7.55412,0,
2202703,4662089,graveyard,The End,7.55409,1,
850390,1777972,graveyard,stream 1.4,7.5485,0,
2354910,5070261,graveyard,Magical,7.54809,0,
1949268,4035427,graveyard,(Shamirin_mzk) Sweet Sweet Situation - Sweet Love 1.17x,7.54649,0,
2009904,4181963,graveyard,W (Lefty3),7.54611,0,
1795609,3737817,graveyard,stream (kddd),7.54395,0,
1094963,2288418,graveyard,Stream [1.35x Rate],7.53704,0,
1226807,2551006,graveyard,Inner Oni,7.53654,1,
2102601,4411375,graveyard,Oni,7.53634,0,
1144365,2389359,graveyard,Oni,7.53442,1,
1685823,3492676,graveyard,myon,7.53414,0,
2327799,5552982,graveyard,Lunatic Stream 1.2x (240bpm),7.52528,0,
2218274,4701982,graveyard,x1.2,7.52473,0,
2306252,4931680,graveyard,Call me it. (500 Tortures) [250 BPM],7.52458,0,
1126295,2353357,graveyard,Ura Oni,7.52244,1,
1954610,4048136,graveyard,USAO - Try Again [D],7.51868,0,
2257657,4803757,graveyard,Amplifying 10% slower // 282.6,7.518,0,
2274087,4845008,graveyard,Tachyon 1.2x (216bpm),7.51561,0,
748851,1702860,graveyard,EXPERIMENTAL2,7.51362,0,
2455754,5368241,pending,Hell Oni,7.51357,0,
2487322,5461705,graveyard,Surf,7.51357,0,
2242175,4765621,graveyard,TMWC Mixed Team 3 Map 5,7.51302,1,
2513141,5540017,graveyard,new jeans,7.5093,0,
1937859,4005969,graveyard,STREAM INDUCTANCE [FREQ +2] (1.12x),7.50582,0,
2042850,4262908,graveyard,Nanawo Akari - One Room Sugar Life(nananass),7.50395,0,
2049240,4570786,graveyard,Hell Oni (TWC Ver.),7.50347,1,
2138780,4501182,graveyard,roto's stream,7.50219,0,
1695631,3464595,graveyard,SaLi Oni Short,7.50205,0,
1232365,2561930,graveyard,P*Light - NINJA IS DEAD [18] [222],7.49931,0,
2044241,4341921,pending,Extremus,7.498,1,
1228933,2691011,wip,YUC'e // CHOCOLATE BOMB!!!!,7.49748,0,
1565914,3197559,graveyard,myon [FREQ +1] (1.06x),7.49482,0,
1954610,4048135,graveyard,USAO - Try Again [C],7.49409,0,
2533689,5602192,graveyard,"Toiki. feat. Such - Cynical, Cynical (Short Ver.)",7.49398,0,
1139669,2493743,graveyard,Qronostacis (ll-oscar / ll-taiko Sp.),7.49248,0,
1203946,2880991,graveyard,///applerss' Hell Oni///,7.49198,0,
2064746,4318861,graveyard,ITS SO LOOOOOOOOOOOOOOOOOUD 1.1x,7.49066,0,
1058386,2216722,graveyard,Glitched Oni,7.49059,0,
1954610,4048132,graveyard,dj TAKA - True Blue [D],7.48951,0,
2409452,5231933,graveyard,Muri Muri </3,7.48534,1,
2297541,4907730,graveyard,Raijin no Dengeki 0.9x (225bpm),7.48453,0,
1232365,2561913,graveyard,Falcom Sound Team jdk - Sunshine Coastline [18] [218],7.48287,0,
2327799,5552976,graveyard,Lunatic Neverending Stream 1.1x (220bpm),7.48172,0,
1673407,3418124,graveyard,DJ Sharpnel - BLUE ARMY 1.3x (KuroKuroKuro),7.48067,0,
595702,1259797,graveyard,Nube Oni,7.47578,1,
2311278,4944709,graveyard,GODDAM,7.47167,1,
1047830,2190248,graveyard,Last Blow -Short ver.-,7.47086,0,
2376703,5134234,graveyard,Hell Oni 0.75x (330bpm),7.46931,0,
2469354,5408217,graveyard,levitate 1.1x,7.46653,0,
2068650,4328261,graveyard,No SV,7.46548,0,
1865460,3837124,graveyard,CATBOYPILLED 260,7.46217,0,
2533689,5602189,graveyard,SoraMafuUraSaka - role-playing game (Cut Ver.),7.4617,0,
2362678,5093377,graveyard,Eternity,7.46022,1,
1884123,3887514,graveyard,Anoyo-iki no Bus ni Notte Saraba.,7.45931,0,
428827,2371827,graveyard,taiko sr is pretty broken,7.45837,0,
1687471,3448680,graveyard,Hell Oni,7.45593,1,
1451161,2983461,graveyard,Nebula,7.45505,0,
1937859,4015631,graveyard,TAIKO INDUCTANCE [FREQ +3] (1.19x),7.45503,0,
2306179,4931503,graveyard,Hyperactivity,7.45386,0,
2112913,4436262,graveyard,Taiko Expert,7.45376,1,
1627271,3322215,graveyard,Oni,7.44931,0,
2513141,5540019,graveyard,thunderzone v2 (cut ver.),7.446,0,
748851,1577502,graveyard,EXPERIMENTAL,7.44554,0,
2301596,4918901,graveyard,Pulsar Waveform,7.44399,0,
2343081,5036543,graveyard,SimpleStream 0.77x (240bpm),7.44059,0,
1842708,3784936,graveyard,"Die Heldensage von Cynply, Faputa und dem Drachen",7.42951,0,
2432612,5300280,graveyard,Stream 1.1x,7.42823,0,
2386170,5161354,graveyard,defeat,7.42557,0,
1474671,3026399,graveyard,3.14159265358979323846,7.42062,0,
2308485,4938094,graveyard,"kaiten - Oh Curry! [1,1,1,1,1,1,2,2,2,3,3]",7.41787,0,
1692209,3462953,graveyard,h/e/l/l/o/n/i,7.41733,0,
2270730,4906853,graveyard,Fumr's Tech flap,7.41685,0,
2513141,5540018,graveyard,phantom,7.41418,0,
1232365,2561925,graveyard,katagiri - L4.8TS (Hard) [19] [228],7.40481,0,
2284467,4872321,graveyard,Tinko,7.40305,0,
1586173,3239789,graveyard,Stream Slut (250bpm),7.40019,0,
2395526,5188796,graveyard,300bpm,7.39956,0,
2257577,4803538,graveyard,Hell Oni,7.39867,0,
901778,1883079,graveyard,RUSSIAN*PARTY (1.25x),7.39858,0,
2371160,5117415,graveyard,O240STREAM,7.39618,0,
2419829,5263077,graveyard,YOU (1.1x),7.39581,0,
2288716,4883929,graveyard,230BPM ALERT,7.39072,0,
2308485,4938089,graveyard,"ClariS - Connect (Nightcore Trance Remix) [2,2,2,3,3]",7.39038,0,
821870,2105567,graveyard,2019 200BPM Ver.,7.38871,0,
1961281,4064698,graveyard,Baka 1.1x,7.38803,0,
2199736,4655321,graveyard,Sentimental,7.38785,0,
1992047,4139134,graveyard,mettya tatakiyasui!,7.38534,0,
2403291,5212303,graveyard,igorrr in gts LMAO,7.38524,0,
2398409,5197560,graveyard,T,7.38307,0,
1949353,4035660,graveyard,Taiko 1.18x (260bpm),7.37776,0,
1228933,2782904,wip,Getty // Pump It,7.37692,0,
1922351,3968181,graveyard,Lord of Shadow Flow 1.06x (210bpm),7.3744,0,
2351892,5061734,graveyard,Let him cook,7.37292,0,
1232365,2561933,graveyard,Shouton - Detonator [18] [197],7.37265,0,
2001192,4162111,graveyard,Pacific Oni 220,7.3726,0,
1627271,3322214,graveyard,Oni (old),7.37118,0,
1505554,3083944,graveyard,Desertification,7.36331,0,
1505554,3083943,graveyard,Desertification(No SV),7.36223,0,
2238724,4757384,graveyard,Psycho,7.36221,0,
2486585,5459262,graveyard,Oni,7.35913,0,
1954610,4048127,graveyard,Camellia - Clouds in the Blue [C],7.35879,0,
1992047,4139137,graveyard,tatakiyasui!,7.35772,0,
1232365,2561921,graveyard,Helblinde - Aura [17] [210],7.35358,0,
2009904,4193354,graveyard,AIM BURST (LostF4te),7.35273,0,
1422409,2929489,graveyard,^-^,7.3524,1,
2289058,4884846,graveyard,give me,7.34216,0,
939967,1963254,graveyard,Stream [1.25x Rate],7.33074,0,
1170646,2442094,graveyard,Inner Oni,7.32839,1,
2513141,5540012,graveyard,daylily (nightcore),7.32731,0,
850390,1777971,graveyard,stream 1.35,7.32428,0,
1668987,3408390,graveyard,KurOni,7.32366,0,
1326132,2747478,graveyard,jealousy,7.32338,0,
2308485,4938096,graveyard,"kaiten - Oh Curry! [1,2,3,4]",7.32293,0,
2304192,4925451,graveyard,N64's Hell ONI!? [WIP],7.32226,0,
1995957,4148145,graveyard,Despair 1.1x,7.31912,0,
2315506,4956065,graveyard,[Hard] Mukuroju no Hakamori / Tonari no Niwa ha Aoi,7.31891,0,
2009717,4181255,graveyard,"""Mad Scientist"" 2.30",7.31883,0,
1094963,2288419,graveyard,Stream [1.3x Rate],7.31733,0,
1327977,2751086,graveyard,END,7.31422,0,
2403293,5212305,graveyard,Double Noise,7.31266,0,
2552895,5682570,wip,AKO 9's Hell Oni,7.31255,0,
1745857,3648245,graveyard,Oni,7.3118,1,
831418,1741820,graveyard,Stream230BPM,7.31145,0,
1453854,3024238,graveyard,TaikOsu!,7.31125,1,
1583033,3233123,graveyard,FINAL GARVITY,7.3105,0,
1954620,4248312,graveyard,Project Grimoire - Aenbharr [B],7.31032,0,
2159553,4553332,graveyard,Abiding Light,7.30664,0,
2362517,5092985,graveyard,WANTED LIST,7.30511,0,
1992047,4139136,graveyard,tatakidurai!,7.29981,0,
1709931,3941176,graveyard,To Your Demise [312 BPM],7.29759,0,
1954610,4048131,graveyard,dj TAKA - True Blue [C],7.28879,0,
2322004,4974947,graveyard,hell oni,7.2833,1,
2403291,5212302,graveyard,[NSV] I am become Rhythm,7.28306,0,
2533689,5602185,graveyard,Ryu* feat.Mayumi Morinaga - Din Don Dan,7.27924,0,
2335255,5012626,graveyard,Collab,7.27849,0,
2533689,5602171,graveyard,Hanabasami Kyo - Charles (Arrange ver.),7.26564,0,
2440686,5324040,graveyard,taikono$,7.26403,0,
2513141,5540011,graveyard,cry for me (solo & nightcore & cut ver.),7.26286,0,
1950999,4039766,graveyard,\(OwO)/,7.26236,1,
1232365,2561915,graveyard,goreshit - Boomerang Rush (Challenge) [18] [207],7.26036,0,
428827,925366,graveyard,M.A.D. O.N.I.,7.26015,0,
2063096,4314800,graveyard,4sbet1's Splash!,7.2599,1,
1734716,3547672,graveyard,Ephemeral Scarlet Floweret [Short ver.],7.25568,0,
1704544,3484051,graveyard,Nerf ver,7.25471,0,
2437742,5315935,graveyard,Inner Oni,7.25056,1,
1232365,2561910,graveyard,DJ Sharpnel - Innocent Riddle [17] [205],7.24757,0,
2249949,4784773,graveyard,Jagger,7.24619,0,
2033534,4239318,graveyard,drown to the deep sea world,7.23997,0,
1018151,2130711,graveyard,illegal hell oni,7.23933,0,
2348027,5050801,graveyard,Ura Oni,7.2382,0,
1935885,4001153,graveyard,La Danse Macabre,7.23723,1,
1326132,2747477,graveyard,jealousy (Short ver.),7.23494,0,
982070,2055364,graveyard,coreoverload (alternate chorus),7.23386,1,
2546570,5643077,pending,Oni,7.23337,0,
1511445,3353340,graveyard,Miracle Taiko [FREQ +3] (1.19x),7.23206,0,
1273859,2646952,graveyard,TO WAR!,7.22775,0,
2092448,4386399,graveyard,CHAOS MASTERING,7.22695,0,
1654096,3376472,graveyard,Full,7.22605,0,
2284587,4872607,graveyard,Designant,7.22468,1,
2308485,4938097,graveyard,"kaiten - Oh Curry! [1,2,4]",7.22425,0,
1054785,2203950,graveyard,Strength,7.22341,1,
2364500,5098245,graveyard,Dejection 1.1x,7.22005,0,
2231590,4736732,graveyard,Dancer,7.21553,0,
1670252,3411377,graveyard,repetition,7.20972,1,
2036550,4247123,graveyard,Grace,7.20932,1,
1362430,2818878,graveyard,Singularity,7.20841,1,
2076864,4348469,graveyard,Signal,7.20529,1,
2290186,5268325,graveyard,Desecrate (jorttt edit),7.20498,0,
2513141,5540016,graveyard,montagem amostra,7.20393,0,
2395526,5188802,graveyard,Chu Chu Chu~,7.20102,0,
2332215,5003952,graveyard,Ni-Sokkususu // Shukusai no Elementalia,7.19809,0,
2274087,4845011,graveyard,Tachyon,7.19519,0,
2290186,4887891,graveyard,Desecrate,7.1934,1,
249064,572728,graveyard,tsubaki's Oni,7.19012,0,
1937859,4015630,graveyard,TAIKO INDUCTANCE [FREQ +2] (1.12x),7.18552,0,
1232365,2561916,graveyard,goreshit - Boomerang Rush (Hard) [17] [207],7.17928,0,
1311720,2718646,graveyard,Pyramid [1.2x Rate],7.17896,0,
1937859,4005925,graveyard,STREAM INDUCTANCE [FREQ +1] (1.06x),7.17831,0,
2360649,5087785,graveyard,>_< 1.1x,7.17451,0,
1696391,3466039,graveyard,Oni,7.17296,0,
2158760,4551248,graveyard,Ambivalence 1.24x,7.17191,0,
1622640,3313081,graveyard,Inner Oni,7.17095,1,
1763113,4053404,graveyard,2199's Hell Oni,7.17032,0,
1927849,3981239,graveyard,Farewell (Short Ver.),7.16999,0,
2277140,4852902,graveyard,Charge!!!!,7.16732,1,
2327799,4990869,graveyard,Old Lunatic Stream 1.1x (220bpm),7.16447,0,
2533689,5602173,graveyard,HHHxMMxST - Oboro,7.16218,0,
2472167,5416573,graveyard,a,7.16031,0,
2022231,4211678,graveyard,Twilight 1.1x,7.16018,0,
2223534,4715072,graveyard,Firce777's Taiko,7.1592,0,
1232365,2561922,graveyard,Helblinde - Grief & Malice [17] [200],7.15707,0,
1661939,3392805,graveyard,Oni,7.15099,0,
1196348,2492041,graveyard,OiOi Oni,7.15036,0,
2496570,5488435,graveyard,lotion!?,7.14921,0,
1884123,3887515,graveyard,Blow,7.14865,0,
1966678,4078169,graveyard,x1.1,7.14811,0,
2308485,4938095,graveyard,"kaiten - Oh Curry! [1,1,2]",7.14738,0,
2446472,5340315,graveyard,Jokulhlaup,7.14358,0,
2009904,4181962,graveyard,Together as one (Ikakun4),7.14269,0,
2393650,5183337,graveyard,2x,7.13257,0,
2288716,4883928,graveyard,220BPM ALERT,7.12943,0,
2020623,4208044,graveyard,lerler240,7.12339,0,
2308485,4938098,graveyard,"kaiten - Oh Curry! [1,2]",7.11857,0,
1309814,2715344,graveyard,There's nothing you can do to stop me,7.11831,0,
1762194,3606830,graveyard,Lost 1.1x,7.11815,0,
2518182,5556378,graveyard,Furakutaru,7.11101,0,
2318151,4964800,graveyard,Refrain 1.1,7.10483,0,
2308485,4938101,graveyard,"kaiten - Oh Curry! [2,3,4]",7.10114,0,
2264819,4821633,graveyard,crazybanger,7.10113,1,
1232365,2561914,graveyard,goreshit - Beautiful Loli Thing [17] [201],7.09971,0,
850390,1777970,graveyard,stream 1.3,7.09963,0,
2170055,4614358,graveyard,Ura Oni,7.09941,0,
2533689,5602191,graveyard,Suzushiro - Kataomoi Holic,7.0988,0,
2433328,5302416,graveyard,Journey,7.09808,1,
2375524,5131127,graveyard,Won,7.09793,0,
939967,1963255,graveyard,Stream [1.2x Rate],7.09587,0,
1094963,2288416,graveyard,Stream [1.25x Rate],7.09373,0,
2303998,4924959,graveyard,Singularity 1.2x,7.0931,0,
2483328,5449385,graveyard,snow storm -euphoria- (180 BPM) (with 1/6),7.08907,0,
1257288,2612534,graveyard,Standard,7.08524,0,
2042850,4262903,graveyard,Hachito - 5ummer7ime1ove(nananass),7.08408,0,
756236,1591446,graveyard,Nanahoku Collab Oni^-^,7.08332,0,
2308485,4938102,graveyard,"kaiten - Oh Curry! [6,7,8,9]",7.08025,0,
2063096,4314802,graveyard,Splash!,7.08005,1,
1565914,3220720,graveyard,myon,7.07961,0,
2393499,5182954,graveyard,fastest crash,7.07895,1,
741878,1564987,graveyard,Inner Oni,7.0789,0,
962717,2018805,graveyard,Ura Onis are a joke,7.07739,0,
2529895,5592426,pending,Atier_'s URA ONI,7.07627,0,
814850,1715579,wip,EX'S DISHONEST ONI,7.07222,0,
1884123,3879272,graveyard,With my Heart,7.07202,0,
2217925,4701152,graveyard,1.2x,7.07161,0,
2315908,4959473,graveyard,Burnout,7.06591,0,
831418,1741819,graveyard,Stream220BPM,7.06445,0,
1432030,2947485,graveyard,Oni,7.06394,0,
2276405,4851348,graveyard,Farewell [1.1x Rate],7.06166,0,
1196348,2492040,graveyard,Inner Oni,7.05872,0,
2490056,5469548,graveyard,Collapse,7.05311,1,
2360286,5086791,graveyard,a 1.1x (231bpm),7.05123,0,
1954620,4113355,graveyard,Tatsh - Xevel [B],7.04926,0,
2214423,4692058,graveyard,LUCKY STAR 1.1x,7.04892,0,
629631,2362501,graveyard,Broken wish for the eternal life.,7.04759,0,
2317287,4962143,graveyard,Inner Oni,7.04738,0,
821870,1722539,graveyard,We Luv Stream 200BPM Ver.,7.04357,0,
1816764,4938110,graveyard,Oni,7.03927,0,
1922351,4055016,graveyard,Lord of Shadow Flow,7.03099,0,
2327799,5552981,graveyard,Lunatic Stream 1.1x (220bpm),7.02862,0,
2059810,4305275,graveyard,Funky,7.02778,1,
2247160,4778082,graveyard,Ultimate,7.02658,0,
2432214,5299037,graveyard,MAXIMUM,7.02657,1,
1203946,2892036,graveyard,///Ozu's Ura Oni///,7.02167,0,
2274087,4845007,graveyard,Tachyon 1.1x (198bpm),7.02052,0,
2066089,4325797,graveyard,skolodojko's Addiction,7.01965,0,
2218274,4701981,graveyard,x1.1,7.01697,0,
2215577,4694218,graveyard,a,7.01568,0,
1609660,3286647,graveyard,Gram vs. Camellia - Ragnarok (4sbet1),7.01202,0,
2402522,5210541,graveyard,Double BPM Bakushin,7.0107,0,
2376703,5134235,graveyard,Hell Oni 0.7x (308bpm),7.00816,0,
2319604,4968943,graveyard,Killing 'Em With Tech,7.00659,1,
1865460,3837123,graveyard,CATBOYPILLED 240,7.00619,0,
1217233,2532662,graveyard,myon,7.00131,0,
2077780,4350670,graveyard,SV,6.99849,0,
2333019,5006472,graveyard,Oni,6.99828,1,
2191052,4634373,graveyard,Echoes of Twilight Dreams,6.99745,0,
1692981,3459486,graveyard,PuniPuni Oni (SGTS 1.05x rate up edit),6.99653,0,
1887736,4619542,graveyard,Thermal Pressure,6.99473,0,
2483328,5449381,graveyard,Icyxis (222 BPM),6.98972,0,
2275194,4898120,graveyard,Inner Oni,6.98854,0,
2332215,5107727,graveyard,ASA // Assault TAXI,6.98614,0,
2308485,4938099,graveyard,"kaiten - Oh Curry! [1,3]",6.98424,0,
1552410,3172090,graveyard,Hell Oni,6.98417,1,
2023321,4214458,graveyard,Prologue,6.97601,0,
2474030,5511822,graveyard,Ura Oni,6.97229,0,
2456753,5370430,graveyard,Oni,6.97122,1,
2315506,4956066,graveyard,[Hard] RuLe / Ado,6.96952,0,
1609660,3286653,graveyard,xi - Glorious Crown (4sbet1),6.96836,0,
1685823,3445315,graveyard,nyan,6.96575,0,
892766,1866107,graveyard,Stream [1.45x Rate],6.95702,0,
2116459,4444640,graveyard,HEAVENLY,6.95511,1,
1786270,3659190,graveyard,tamago,6.95468,0,
1937859,4005856,graveyard,TAIKO INDUCTANCE [FREQ +1] (1.06x),6.94161,0,
1972728,4093466,graveyard,Serotonin Syndrome,6.93665,1,
853241,1783287,graveyard,Tragic Love,6.93527,1,
1511445,3353339,graveyard,Miracle Taiko [FREQ +2] (1.12x),6.93368,0,
2448153,5344850,graveyard,Infection,6.93264,1,
1149095,2399143,graveyard,diff,6.93251,1,
2226751,4723806,graveyard,HE4VENCUT!,6.93219,1,
2327799,5552980,graveyard,Lunatic Neverending Stream,6.9306,0,
1338323,2772321,graveyard,Stream [1.45x Rate],6.92775,0,
1810221,3751031,graveyard,URA ONI,6.92534,0,
648546,1373881,graveyard,Oni,6.91973,0,
1656511,3381184,graveyard,SeijiOni,6.9121,0,
939967,1963248,graveyard,Practice [1.45x Rate],6.90836,0,
2469354,5408221,graveyard,levitate,6.90532,0,
2540919,5625339,graveyard,Hyperglycemia,6.89889,1,
547084,1158723,graveyard,Embodiment,6.89554,0,
2371160,5117414,graveyard,O220STREAM,6.89534,0,
654363,1387082,graveyard,Ura Oni,6.89383,0,
1228933,2684036,wip,TAG // Theory of Eternity,6.89176,0,
2127755,4472980,graveyard,Tragic Destiny,6.89074,1,
2145700,4523534,graveyard,Inner Oni,6.88379,1,
2419829,5263073,graveyard,DAMN GIRL (1.0x),6.88359,0,
2064746,4319042,graveyard,ITS SO LOOOOOOOOOOOOOOOOOUD,6.88196,0,
2290370,4888540,graveyard,^v^v^v,6.87718,0,
1343055,2781902,graveyard,Ura Oni,6.87456,0,
2042850,4274760,graveyard,eufonius - Aletheia(nananass),6.87451,0,
1698357,3470195,graveyard,Kinpatsu Loni (SGTS edit),6.8744,0,
1698357,3470193,graveyard,Kinpatsu Loni (full gimmick),6.87433,0,
1864961,3835754,graveyard,Tremendous,6.87389,0,
850390,1777969,graveyard,stream 1.25,6.8738,0,
982070,2055365,graveyard,coreoverload,6.87277,0,
2110516,4430277,graveyard,Inner Oni,6.87181,0,
2288716,4883939,graveyard,STREAM ALERT,6.87127,0,
844378,1775330,graveyard,nerf,6.87076,0,
2432612,5300306,graveyard,Stream,6.86883,0,
1094963,2288417,graveyard,Stream [1.2x Rate],6.86671,0,
2533689,5602177,graveyard,Korone Pochi x Nanahira - Big Cheese! (Cut Ver.),6.86631,0,
1609660,3286648,graveyard,Hayakore Tatsumi - Thousandth Sky (4sbet1),6.86591,0,
1239406,2576869,graveyard,Oni,6.86442,0,
821870,2105566,graveyard,2019 Ver. OD10,6.86375,0,
821870,2245762,graveyard,2019 Ver.,6.86228,0,
939967,1963252,graveyard,Stream [1.15x Rate],6.85878,0,
2056334,4296961,graveyard,Oni,6.85274,0,
1961281,4064702,graveyard,Baka,6.84904,0,
1937859,4005974,graveyard,STREAM INDUCTANCE,6.84831,0,
2130459,4480104,graveyard,Realize,6.8474,0,
1709931,3941177,graveyard,To Your Demise [290 BPM],6.84518,0,
2380583,5145939,graveyard,dariacore-ism,6.84371,1,
2199183,4913009,graveyard,Cychlo's Inner Oni,6.83814,1,
1232365,2561912,graveyard,DJ Sharpnel - The Power of Underground [16] [195],6.83756,0,
2044241,4368294,pending,ulko's Perdifficilis,6.83676,1,
2329033,4994202,graveyard,Death,6.83436,0,
2380254,5144992,graveyard,MAXIMUM,6.83339,0,
2308485,4938091,graveyard,"goreshit - najimi breakers [1,2,4]",6.83124,0,
2001192,4161248,graveyard,Pacific Oni 200,6.82848,0,
2332215,5271542,graveyard,orangentle / Yu_Asahina // HAELEQUINZ -the clown of 24stairs-,6.82811,0,
1954610,4048126,graveyard,Camellia - Clouds in the Blue [B],6.82395,0,
1833489,3764096,graveyard,Cychlo & HiroK are Golden,6.82147,1,
2042850,4262905,graveyard,Masarada - Liar Dancer(nananass),6.81958,0,
2514119,5544377,pending,Hell Oni,6.81575,1,
2308485,4938090,graveyard,"goreshit - najimi breakers [1,1,2]",6.8144,0,
2254537,4795828,graveyard,Neo,6.81119,0,
2049240,4278661,graveyard,Hell Oni,6.81006,0,
2250871,4786969,graveyard,END3K,6.80736,1,
2009717,4231447,graveyard,"""Mad Scientist""",6.80697,0,
1724975,3525387,graveyard,Baka,6.80652,0,
2202703,4662088,graveyard,ler's Inner Oni,6.80418,1,
1995957,4148142,graveyard,Despair,6.80033,0,
1515167,3102064,graveyard,Ninja,6.79924,0,
831418,1741818,graveyard,Stream210BPM,6.79856,0,
2141061,4506369,graveyard,Oni,6.79542,1,
2317731,4963447,graveyard,Inner Oni,6.79302,1,
2217925,4701150,graveyard,1.15x,6.79213,0,
1094963,2377460,graveyard,applerss die,6.78258,0,
2383801,5515288,graveyard,TERRAFORMER,6.78135,0,
2000777,4166960,graveyard,Edward's Devastation Oni,6.7771,0,
892766,1866108,graveyard,Stream [1.4x Rate],6.77348,0,
621930,1311298,graveyard,Space Time,6.77299,1,
1916310,4047352,graveyard,Katana; Reconstruct,6.76946,1,
1835283,3767928,graveyard,Oni,6.76817,0,
2383801,5154271,graveyard,TERRAFORMER (Ren Cup Edit),6.76804,0,
1595996,3259731,graveyard,Parasomnia,6.76606,0,
2310510,4942885,graveyard,Beyond Misery,6.76574,0,
2289573,4970068,graveyard,unw,6.76463,0,
2465079,5396041,graveyard,^_^,6.76323,0,
907833,1894500,graveyard,Oni,6.76305,0,
2060698,4307668,graveyard,Extirpated Echoes,6.76201,1,
2308485,4938100,graveyard,"kaiten - Oh Curry! [2,2,3]",6.75812,0,
2012529,4187821,graveyard,Elegy,6.75576,1,
2340140,5414181,graveyard,INNER ONI,6.75521,0,
1954610,4048138,graveyard,yaseta - Bluenation [B],6.75377,0,
2000422,4160100,graveyard,Overreaction,6.74669,0,
872181,1822729,graveyard,myon,6.74404,0,
1515167,3970673,graveyard,Ninja Die,6.73644,0,
752356,1583858,graveyard,Jigoku,6.73322,0,
1692981,3459487,graveyard,PuniPuni Oni,6.73086,0,
1338323,2772322,graveyard,Stream [1.4x Rate],6.72702,0,
1267237,2633656,graveyard,?,6.7263,0,
1739327,3554801,graveyard,iceOC's Hell Oni,6.72157,0,
1884149,3879336,graveyard,Expert,6.72133,0,
1884123,3879265,graveyard,HAVOX,6.71606,0,
2322004,4974952,graveyard,ura oni,6.71468,0,
2255806,4798798,graveyard,Demolition,6.71259,1,
1476903,3050657,graveyard,Dimensional Distortion,6.70859,1,
1311720,2718645,graveyard,Pyramid [1.1x Rate],6.70078,0,
724338,1545531,pending,Electric Butterfly (honkers x arpia97),6.6949,0,
2023371,4214627,graveyard,rollfou style,6.69468,1,
939967,1963249,graveyard,Practice [1.4x Rate],6.69444,0,
493123,1050339,graveyard,myon,6.69262,0,
2255305,4797682,graveyard,Stream,6.69078,0,
2159857,4554035,graveyard,Oni,6.69016,1,
2159857,4554034,graveyard,Oni (No Speed Change),6.68957,0,
2403689,5449401,graveyard,Sigmund (200 BPM),6.68884,0,
1511445,3094873,graveyard,Miracle Taiko [FREQ +1] (1.06x),6.687,0,
2325069,4983694,graveyard,arc & ler's Whirlwind,6.67553,0,
1947573,4029924,graveyard,NIGHTMARE++ONI!!!,6.67418,0,
1673407,3418126,graveyard,DJ Sharpnel - Magic Cycles (4sbet1),6.67406,0,
2003918,4167231,graveyard,Inner Oni,6.67103,0,
1715646,3505670,graveyard,Taiko Expert,6.6693,0,
2020623,4208043,graveyard,lerler220,6.6689,0,
1744551,3567874,graveyard,Punai Punai Sensou(ler1211),6.66667,0,
2022231,4211682,graveyard,Twilight,6.66225,0,
2495112,5484124,graveyard,Inner ONI,6.65544,1,
760371,1599191,graveyard,Falling Flower,6.65355,0,
1937859,4015635,graveyard,TAIKO INDUCTANCE,6.64897,0,
1922351,4055015,graveyard,Lord of Shadow Flow 0.93x (185bpm),6.64894,0,
1937859,4005895,graveyard,TAIKO INDUCTANCE NSV,6.64893,0,
2056609,4297671,graveyard,Dimensional Disintegration,6.64862,1,
850390,1777968,graveyard,stream 1.2,6.64237,0,
1094963,2288414,graveyard,Stream [1.15x Rate],6.63783,0,
2416277,5252519,graveyard,Shiny Stories,6.63729,0,
1954610,4048130,graveyard,dj TAKA - True Blue [B],6.63492,0,
2327799,5552989,graveyard,Old Lunatic Stream,6.63163,0,
1966678,4078168,graveyard,x1.0,6.63027,0,
2302145,4920347,graveyard,Detonation,6.62981,0,
2187322,4624699,graveyard,Collab the Rock!,6.62512,0,
2042850,4262904,graveyard,Happy Kuru Kuru - Mahou no Popcorn(nananass),6.62367,0,
2159335,4552824,graveyard,Ethereal,6.62351,0,
2304192,4925449,graveyard,INNER ONI!?,6.62249,0,
675397,1428780,graveyard,Judgment,6.62221,1,
675397,3880490,graveyard,Judgment (OTMT ver.),6.62221,0,
2364500,5098249,graveyard,Dejection,6.62154,0,
1795609,3737816,graveyard,9 note burst (d),6.61922,0,
939967,1963253,graveyard,Stream [1.1x Rate],6.61917,0,
2360649,5087789,graveyard,>_<,6.61822,0,
2249949,4784768,graveyard,Jagger 0.9x,6.61434,0,
1762194,3610832,graveyard,Lost,6.61118,0,
2395164,5187708,graveyard,C-A-L-A-M-I-T-Y,6.61061,1,
2064141,4317323,graveyard,Frontier,6.61055,0,
1972235,4179153,graveyard,ler's u-w-u (200bpm),6.60822,0,
2455754,5369594,pending,Ura Oni,6.60444,0,
2073620,4340386,graveyard,Hell Oni,6.60169,1,
2257577,4803539,graveyard,Inner Oni,6.60135,0,
1698357,3470194,graveyard,Kinpatsu loni (NSV),6.59876,0,
2290483,4888817,graveyard,Stream,6.59808,0,
2413175,5241044,graveyard,GIGA TSKR,6.59318,1,
2303998,4924958,graveyard,Singularity 1.1x,6.58726,0,
1437918,2966762,graveyard,Hell Oni,6.58722,0,
2318151,4974695,graveyard,Refrain,6.58542,0,
1583033,3234212,graveyard,Inner Oni,6.58306,0,
1228933,2703482,wip,dj MAX STEROID // [E],6.57128,0,
2308485,4938093,graveyard,"goreshit - najimi breakers [6,7,8,9]",6.56966,0,
892766,1866105,graveyard,Stream [1.35x Rate],6.56497,0,
2446201,5339586,graveyard,Re,6.56369,0,
2183411,4613825,graveyard,Freeze's Inner Oni,6.56078,0,
2360286,5086795,graveyard,a,6.55623,0,
1865460,3837122,graveyard,CATBOYPILLED 220,6.55481,0,
1673407,3418123,graveyard,Camellia - Fastest Crash (KawaiiBass),6.55393,0,
2533689,5602186,graveyard,ShinRa-Bansho - Miko-sama no Aburaage disco,6.55038,0,
2194935,4644087,graveyard,Hyper Beam,6.54989,0,
2275181,4848112,graveyard,C29H35IN(NER)2 ONI,6.54988,1,
1459468,2998970,graveyard,Glimmer,6.54752,0,
2063096,4314799,graveyard,4sbet1's Inner Oni,6.54682,0,
2239844,4760284,graveyard,ASCENDED,6.54611,0,
2361737,5092601,graveyard,Kogasa's Haneman,6.54485,0,
2402522,5210540,graveyard,Bakushin,6.544,0,
831418,1741817,graveyard,Stream,6.54339,0,
1954610,4048134,graveyard,USAO - Try Again [B],6.54093,0,
962717,2040834,graveyard,Genjuro's Inner Oni is a joke,6.54039,0,
1842708,3784937,graveyard,Inner Oni,6.53655,1,
2276405,4851477,graveyard,Farewell,6.53602,0,
1338323,2772319,graveyard,Stream [1.35x Rate],6.5355,0,
2000704,4159793,graveyard,Ambiguous Audio Quality,6.53539,0,
2214423,4692062,graveyard,LUCKY STAR,6.53119,0,
821870,1725219,graveyard,We Luv Stream,6.53077,0,
939967,1963246,graveyard,Practice [1.35x Rate],6.5249,0,
1074720,2248984,graveyard,Eternal,6.52367,0,
2327799,5552985,graveyard,Lunatic Stream,6.51593,0,
2042850,4262902,graveyard,Cuvelia - Tenkuu no Yoake(nananass),6.51355,0,
1232365,2561911,graveyard,DJ Sharpnel - Little God Ch@nnel [15] [189],6.50899,0,
1228933,2781967,wip,Yura Hatsuki x hisui // Ryuu to Kokuen no Himegimi,6.50761,0,
705422,1491999,graveyard,Oni,6.5044,1,
1949353,4035666,graveyard,Taiko,6.5004,0,
2451756,5355890,graveyard,Inner Oni,6.49998,1,
2217925,4701151,graveyard,1.1x,6.49319,0,
2218274,4701980,graveyard,x1.0,6.49205,0,
2552895,5675010,wip,3x's Inner Oni,6.49053,0,
1921552,3967431,graveyard,Tipos Como Tu,6.48866,0,
2533689,5602172,graveyard,Hanon x Kotoha - Fuwari,6.48217,0,
2063096,5397716,graveyard,Ura Oni,6.47992,0,
2159553,4553339,graveyard,Hell Oni,6.47371,0,
654363,1387081,graveyard,Special Oni,6.47214,0,
1860470,3824956,graveyard,Blossom,6.46074,0,
1995791,4150510,graveyard,Inner Oni,6.46017,0,
2308485,4938087,graveyard,"BACO - Love & Justice [1,2,3]",6.45785,0,
2246659,4776667,graveyard,unravelling the world,6.45759,0,
2308485,4938092,graveyard,"goreshit - najimi breakers [2,2,3]",6.44775,0,
2290727,4889459,graveyard,Sacred Symphony,6.44357,0,
1621478,3310534,graveyard,Cute Drop,6.43297,0,
1673407,3418122,graveyard,BABYMETAL - Road of Resistance (4sbet1),6.43158,0,
1961255,4064655,graveyard,Observer of this sky,6.42805,0,
2533689,5602175,graveyard,john - Boots,6.42041,0,
2213429,5443292,graveyard,Inner Oni (Edit),6.41678,0,
850390,1777967,graveyard,stream 1.15,6.41634,0,
1132860,2366188,graveyard,CLIMAXXX,6.41167,0,
1511445,3353344,graveyard,Miracle Taiko,6.40934,0,
1094963,2288415,graveyard,Stream [1.1x Rate],6.40825,0,
1232365,2561920,graveyard,Guru Groove Foundation - Golden Love (Mr. Frenkie Remix) [15] [172],6.40495,0,
1000833,2320164,graveyard,DESPAIR235,6.40147,0,
2317749,4963480,graveyard,Hell Oni,6.38497,0,
2093942,4390282,graveyard,Farewell,6.38311,0,
2001192,4162114,graveyard,Pacific Oni,6.38227,0,
2371160,5117413,graveyard,O200STREAM,6.37934,0,
939967,1963251,graveyard,Stream [1.05x Rate],6.37808,0,
2425264,5279169,graveyard,literally drunk mapping,6.3747,0,
892766,1866106,graveyard,Stream [1.3x Rate],6.37447,0,
2286678,4878590,graveyard,Stream,6.37155,0,
974568,2042788,graveyard,Inner Oni,6.37016,0,
2287746,4881209,graveyard,x_x,6.36968,1,
2023493,4214841,graveyard,Inner Oni,6.36852,1,
1835283,3767927,graveyard,Oni short version,6.36834,0,
1124597,2349892,graveyard,Oni,6.36632,0,
2529480,5590100,pending,APPEND,6.36496,0,
1232365,2561935,graveyard,y0c1e feat. Hatsune Miku - To Dimension [15] [175],6.36324,0,
951022,2193691,graveyard,Yuemiao's Inner Oni,6.36225,0,
1884123,3879266,graveyard,Hiyokko Santa to Yuki no Machi,6.35906,0,
1338323,2772320,graveyard,Stream [1.3x Rate],6.35266,0,
1954620,4048160,graveyard,Toby Fox - THE WORLD REVOLVING (Raytoly Arrange) [B],6.34918,0,
1954620,4248311,graveyard,Project Grimoire - Aenbharr [A],6.34576,0,
1549051,3165724,graveyard,Yukina & JackTVN's Journey!,6.33332,0,
1228933,2782988,wip,Yura Hatsuki // Ganbare! Koi no Hana,6.32975,0,
1502041,3077512,graveyard,Inner Oni,6.32548,1,
2056609,4297670,graveyard,Dimensional Disintegration (PHNT edit),6.32384,0,
939967,1963247,graveyard,Practice [1.3x Rate],6.3199,0,
806519,1692851,graveyard,Inner Oni,6.31882,1,
1935651,4000472,graveyard,nsv,6.31628,0,
1885288,3881843,graveyard,phoenix,6.30491,0,
2306252,4933071,graveyard,Re:TrymenT [190 BPM],6.30409,0,
1884123,3879267,graveyard,I got it!,6.30324,0,
2032811,4237467,graveyard,"Mother, father, I'm sorry for everything...",6.29094,0,
2191052,4634372,graveyard,cdh's Inner Oni,6.28372,0,
2049240,4570787,graveyard,Ura Oni,6.28306,0,
2165565,4707662,graveyard,Stream Practice 1.40x // 193.2,6.28151,0,
1350129,2795346,graveyard,Down,6.27727,0,
832282,1751235,graveyard,[10] HARDCORE no kokoroe,6.26667,0,
1709931,4561484,graveyard,To Your Demise,6.26394,0,
1509920,3092001,graveyard,OMANKO,6.26215,0,
2433508,5302900,graveyard,Oni,6.26212,0,
1490432,3055060,graveyard,200bpm,6.26133,0,
1995957,4148144,graveyard,Despair 0.9x,6.26118,0,
1228933,2650769,wip,Yuuhei Satellite // Iro wa Nioedo Chirinuru o,6.25835,0,
2403689,5449395,graveyard,hurricanic (190 BPM),6.25349,0,
960945,2011802,graveyard,Diabetic Shock,6.25307,0,
2348027,5050797,graveyard,Inner Oni,6.24652,0,
925700,1933563,graveyard,Inner Oni,6.24448,0,
910583,2962880,graveyard,I N S A N E,6.24376,0,
2297035,4906475,graveyard,Merry Christmas!,6.2407,0,
2514119,5542799,pending,Ura Oni,6.24042,0,
2261133,4812584,graveyard,;;,6.23546,0,
1311720,2718653,graveyard,Pyramid,6.23068,0,
2393499,5183114,graveyard,jimmyreturnz's inner oni,6.21973,0,
654363,1387080,graveyard,Inner Oni,6.203,0,
2483328,5449380,graveyard,Ice Angel (168 BPM) (with 1/6),6.20155,0,
1810221,3712982,graveyard,INNER ONI,6.19532,0,
1232365,2561931,graveyard,Quarks (kradness + Camellia) - Dualive [15] [190],6.19254,0,
2020623,4208042,graveyard,lerler200,6.19152,0,
1595157,3258090,graveyard,approach!,6.18769,0,
1692209,3535142,graveyard,i/n/n/e/r/o/n/i,6.18501,0,
850390,1777966,graveyard,stream 1.1,6.18394,0,
2058751,4303212,graveyard,Inner Oni,6.18379,0,
892766,1866103,graveyard,Stream [1.25x Rate],6.17507,0,
1094963,2288413,graveyard,Stream [1.05x Rate],6.17105,0,
2316299,4958862,graveyard,inner oni,6.17011,0,
2227513,4725631,graveyard,Inner OOOOni,6.16759,0,
2140900,4506018,graveyard,inner oni,6.16483,0,
2066089,4322364,graveyard,2199's Hell Oni,6.16405,0,
2277140,4852904,graveyard,Hell Oni,6.16011,0,
1338323,2772317,graveyard,Stream [1.25x Rate],6.1553,0,
1911108,3942001,graveyard,Inner Oni,6.15421,0,
2093942,4390281,graveyard,Farewell (short),6.15244,0,
1884123,3879270,graveyard,Stirring an Autumn Moon,6.15113,0,
2409452,5231737,graveyard,Suki Suki <3,6.14321,0,
2332881,5006098,graveyard,Inner Oni,6.13997,0,
1866907,3840324,graveyard,Conflict,6.1383,1,
1138467,2378254,graveyard,The Intense Voice,6.13813,0,
939967,1963260,graveyard,Stream,6.13572,0,
939967,1963244,graveyard,Practice [1.25x Rate],6.13357,0,
1199903,2498705,graveyard,>_<?!,6.12668,0,
1047830,2190244,graveyard,White Blade,6.11434,0,
1587087,3241492,graveyard,Oni,6.11114,1,
2202510,4661598,graveyard,oni,6.10041,0,
901778,1883074,graveyard,Surrealism (1.25x),6.09929,0,
1405480,2898568,graveyard,Prism Stage -Perfect-,6.09711,0,
1590989,3249435,graveyard,Stream Bomb,6.09649,0,
2095089,4392902,graveyard,:nose:,6.09625,1,
1405480,2898439,graveyard,Prism Stage -Full-,6.09592,0,
2361851,5090918,graveyard,La Mort d'Oni,6.09548,1,
2339490,5025171,graveyard,It's a common but happy story.,6.08811,0,
1228933,2555285,wip,Camellia feat. Nanahira // Amor De Verao,6.08801,0,
2529895,5600795,pending,INNER ONI,6.08512,0,
2130459,4480103,graveyard,Beyond,6.0839,0,
1376693,2845341,graveyard,KurOni,6.0759,1,
901778,1883078,graveyard,Neko Matsuri,6.07558,0,
2332215,5030685,graveyard,lapix // Flamenco House,6.07208,0,
2422641,5271614,graveyard,Icy,6.07177,0,
2275194,4853136,graveyard,Oni,6.0697,0,
2059383,4304311,graveyard,Singularity [Gimmick],6.06354,0,
1490432,3055059,graveyard,190bpm,6.05928,0,
2402928,5211463,graveyard,Aether,6.05465,0,
1954620,4048159,graveyard,Toby Fox - THE WORLD REVOLVING (Raytoly Arrange) [A],6.05403,0,
2009904,4181958,graveyard,lonely lonely (Lefty3),6.05164,0,
1548435,3164074,graveyard,Oni,6.05048,1,
617785,1302518,graveyard,Oni,6.049,1,
1865460,3837121,graveyard,CATBOYPILLED 200,6.04845,0,
2313399,4950340,graveyard,Oni,6.04737,0,
1228933,2684035,wip,Rapbit // Saika,6.04583,0,
2158760,4551250,graveyard,Ambivalence,6.04576,0,
2009904,4193355,graveyard,BLUE ARMY (LostF4te),6.03665,0,
1084739,2268412,graveyard,Stream Voyage (1/6+1/8),6.03348,0,
1094963,2288412,graveyard,myon,6.03289,0,
1126295,2354953,graveyard,Inner Oni,6.03177,0,
2000422,4354300,graveyard,Inner Oni,6.02855,0,
2303998,4924962,graveyard,Singularity,6.02088,0,
2042850,4262913,graveyard,Moyashisarada - kyouiku&shikei(HagareRu),6.01369,0,
2217925,4701149,graveyard,1.0x,6.01022,0,
2152041,4534276,graveyard,Distractive Cat,6.00868,0,
1726060,3527445,graveyard,"amidst this darkness, you are standing here.",6.00255,0,
1232365,2561909,graveyard,Camellia vs Kors K - The Rolling [15] [170],6.00054,0,
2305283,4928639,graveyard,myon,5.99878,0,
2305283,4928640,graveyard,NSV,5.99878,0,
1731624,3539540,graveyard,Oni you,5.99806,0,
1731624,3544111,graveyard,Oni you (no SV),5.99806,0,
901778,1883073,graveyard,Knight of Sword,5.99778,0,
2403689,5449396,graveyard,Kamuy (170 BPM),5.99561,0,
1782462,3716128,graveyard,Ideal's Oni,5.99422,1,
367757,806540,graveyard,Nyarathon,5.99406,1,
1228933,2783050,wip,Junk // elegante,5.99232,0,
2228267,4727644,graveyard,AZURE,5.98769,1,
727834,1536760,graveyard,Duke's Oni,5.98671,0,
901778,1883080,graveyard,MOTHER FUCXXXXXer,5.98671,0,
1670252,4000492,graveyard,inner oni,5.98308,0,
892766,1866104,graveyard,Stream [1.2x Rate],5.9733,0,
1256015,2610276,graveyard,Oni,5.97023,0,
2410666,5234444,graveyard,yax7,5.96074,1,
2294915,4900813,graveyard,a with ktfm,5.95601,1,
2483328,5449379,graveyard,Ice Angel (168 BPM) (no 1/6),5.95449,0,
1338323,2772318,graveyard,Stream [1.2x Rate],5.95055,0,
1251893,2601972,graveyard,Oni,5.94951,1,
2300428,4915959,graveyard,Concealment,5.94863,1,
850390,1777965,graveyard,stream 1.05,5.94842,0,
1954610,4048137,graveyard,yaseta - Bluenation [A],5.94458,0,
326018,792672,graveyard,tasuke's Inner Oni,5.94309,0,
1744551,3567869,graveyard,"Boku no Yume, Mecha Kuso Mugen Waki(CuLacllachan)",5.93782,0,
1094963,2288422,graveyard,Stream,5.93755,0,
939967,1963245,graveyard,Practice [1.2x Rate],5.93482,0,
2362678,5107474,graveyard,Inner Oni,5.933,0,
2332215,5022577,graveyard,Hatsuki Yura // The Clockwork Rose -Tokei Shikake no Bara Shoujo-,5.92982,0,
1586287,3239980,graveyard,Collab,5.92716,0,
2152054,4534312,graveyard,Forgotten Fantasy Satellite,5.92694,0,
2152054,4534311,graveyard,Forgotten Fantasy Satellite (TWC ver.),5.92642,0,
814850,1708933,wip,Whats Skill's Red Stained Skies,5.91706,0,
2170055,4683778,graveyard,Inner Oni,5.91538,0,
2284587,5116287,graveyard,meifuu's Inner Oni,5.91482,0,
2213429,4689757,graveyard,Inner Oni,5.91449,1,
1810891,3714328,graveyard,Modern Mapping,5.91434,1,
2173611,4588607,graveyard,Bloodstream,5.91086,0,
2165565,4707661,graveyard,Stream Practice 1.30x // 179.4,5.90941,0,
960945,2272746,graveyard,Charlotte's Inner Oni,5.90314,1,
2059383,4304310,graveyard,Instability [Non-Gimmick],5.90262,0,
1084739,2268494,graveyard,Stream Voyage (1/6),5.89108,1,
2483328,5449384,graveyard,snow storm -euphoria- (180 BPM) (no 1/6),5.88724,0,
2010261,4182847,graveyard,Tatsujin,5.8848,1,
1047830,2190249,graveyard,White Blade -Short ver.-,5.88399,0,
1584601,3236820,graveyard,Shameful life,5.87619,1,
910583,2962879,graveyard,H E L L,5.87489,0,
1157923,2416550,graveyard,Inner Oni,5.87403,1,
2361740,5090637,graveyard,Eternally,5.87054,0,
2422641,5462253,graveyard,Pure,5.86867,0,
1387209,2865261,graveyard,Inner Oni,5.8671,1,
2321100,4972594,graveyard,inner oni,5.8633,0,
976350,2043312,graveyard,Crazy Oni,5.86329,1,
1884123,3896160,graveyard,Fight Your Demons,5.86189,0,
627558,1322410,graveyard,Inner Oni,5.86055,1,
1388989,2907670,graveyard,kdj's Hell Oni,5.85865,0,
2332215,5257237,graveyard,Tech N9ne // Worldwide Choppers (BOSS FIGHT #1),5.85777,0,
1405480,2898440,graveyard,Prism Stage -Short-,5.857,0,
566897,1200787,graveyard,Oni sans limites,5.85596,1,
2340140,5027069,graveyard,ONI,5.8493,0,
1884123,3879269,graveyard,Ray of bullet,5.84374,0,
1353350,2846053,graveyard,Oni,5.83974,0,
1566855,3199220,graveyard,Bloom,5.83904,1,
1257288,2612531,graveyard,Beginner,5.83649,0,
728613,3099928,graveyard,Oni,5.83504,1,
1972235,4179154,graveyard,ler's u-w-u,5.82755,0,
853241,1783285,graveyard,Inner Oni,5.82376,0,
1490432,3055058,graveyard,180bpm,5.82235,0,
951022,2289596,graveyard,Oni,5.81782,0,
1954620,4089397,graveyard,Tatsh - Xevel [A],5.81578,0,
1228933,2782070,wip,M2U // Masquerade,5.80913,0,
2110516,4430278,graveyard,Oni,5.80757,0,
2147396,4523324,graveyard,Inner Oni,5.80099,0,
2333244,5006991,graveyard,PALE BLUE DOT,5.80063,1,
2322004,4974945,graveyard,cev's inner oni,5.79594,0,
1879344,3868970,graveyard,Subaru,5.79286,0,
2308485,4938105,graveyard,"superultimategirl - PHOSPHOR(superultimategirl Remix)[1,1,1,1,1,1,2,2,2,3,3]",5.78695,0,
313986,700810,graveyard,Taiko,5.78187,0,
1388989,2868545,graveyard,Inner Oni,5.78075,1,
2336377,5015690,graveyard,Inner Oni,5.77897,1,
892766,1866101,graveyard,Stream [1.15x Rate],5.77649,0,
2000027,4157898,graveyard,The Emperor,5.76145,0,
1162834,2425642,graveyard,rezi & KUSO & Seren's ok Collab,5.76035,0,
1338323,2772315,graveyard,Stream [1.15x Rate],5.75394,0,
1267237,2636485,graveyard,Oni,5.75304,0,
2455468,5366305,graveyard,Each person's mission,5.75195,1,
1362430,2820952,graveyard,Oni,5.74954,0,
832282,1751773,graveyard,[10] sotuomeshiki 2han (About) [Taiko Oni],5.7427,0,
1232365,2561929,graveyard,Niko - Night Of Fire (Tofu Express Delivery) [15] [155],5.73875,0,
1488016,3050558,graveyard,freestyle stream machine,5.73802,1,
1132860,2383584,graveyard,Inner Oni,5.73494,0,
2332215,5142466,graveyard,Polyphia // O.D.,5.73329,0,
2055512,4295092,graveyard,Pure White,5.73038,0,
939967,1963242,graveyard,Practice [1.15x Rate],5.72777,0,
985516,2074463,graveyard,Cychlo's OOOOOOOOONI,5.72697,0,
2311630,4945659,graveyard,stream,5.72367,0,
2180598,5538078,graveyard,Oni,5.71256,0,
1228933,2772423,wip,IZ*ONE // FIESTA,5.71247,0,
850390,1777974,graveyard,stream,5.71015,0,
2411804,5237372,graveyard,wait for me,5.70516,0,
1476903,3059777,graveyard,Inner Oni,5.70479,0,
2485275,5454940,graveyard,Predatory Leap,5.69915,0,
1673407,3418127,graveyard,DJ Sharpnel - World Sound (My Angel Koishi),5.67914,0,
2289907,4887111,graveyard,kawaii,5.67054,0,
2130459,5141568,graveyard,Future,5.66795,0,
2529480,5591833,pending,MASTER,5.66543,0,
698207,1478839,graveyard,Oni,5.66503,1,
2308485,4938104,graveyard,"Nekomata Master - Scars of FAUNA [1,1,1,2,2,2,3]",5.66456,0,
901778,1883076,graveyard,"Help me, RITALIN!!",5.65703,0,
1583033,3234900,graveyard,Exhausted Oni,5.65692,0,
2042850,4274761,graveyard,GARNiDELiA - Gokuraku Jodo(nananass),5.65505,0,
2016436,4197987,graveyard,Eternity,5.65452,0,
2490056,5469550,graveyard,Inner Oni,5.64945,0,
1901345,3919784,graveyard,Inner Oni,5.64551,0,
326018,788682,graveyard,Taiko frontier.,5.63454,0,
1744551,3569766,graveyard,Konran Shoujo Soflan-chan!!(Ph0eNiiXZ),5.63178,0,
2202703,4662085,graveyard,1811's Oni,5.62435,0,
2159553,4581564,graveyard,Ura Oni,5.62329,0,
2042850,4262912,graveyard,YOASOBI - Halzion(nananass),5.62314,0,
1609660,3286642,graveyard,Demetori - The Grimoire of Alice (aHTaoN),5.62304,0,
1360325,2814998,graveyard,Inner Oni,5.61917,0,
901778,1883077,graveyard,This Summer Mistress,5.60879,0,
2180627,4614043,graveyard,AH CHEEKY CHEEKY DRUM DRUM,5.60671,0,
2403689,5449392,graveyard,Gengaozo (153 BPM),5.60366,0,
1232365,2561906,graveyard,Ace - Crazy On Emotion (Challenge) [14] [150],5.5964,0,
367757,806541,graveyard,Yura's Nyarathon,5.59392,0,
2180212,4605293,graveyard,Ura Oni,5.58797,1,
1558951,3184387,graveyard,Ura Oni,5.58623,1,
2315506,4956061,graveyard,[Challenge] THE EARTH / II-L,5.58608,0,
2044241,4372756,pending,_Rise's Peritus,5.58171,0,
1558951,3184386,graveyard,Ura Oni Nerf,5.58105,0,
1490432,3055057,graveyard,170bpm,5.58055,0,
1692709,3458990,graveyard,\\\owo///,5.57988,0,
2336377,5015689,graveyard,Inner Oni (EGTS),5.57972,0,
1954610,4048125,graveyard,Camellia - Clouds in the Blue [A],5.5764,0,
1865460,3837127,graveyard,CATBOYPILLED,5.57371,0,
892766,1866102,graveyard,Stream [1.1x Rate],5.56907,0,
2393499,5199920,graveyard,oni,5.56283,0,
1769783,3624296,graveyard,Ph0eNiiXZ's Ritual,5.56091,0,
1954610,4048133,graveyard,USAO - Try Again [A],5.55967,0,
1925396,3975498,graveyard,Inner Oni,5.55821,0,
2165565,4707660,graveyard,Stream Practice 1.20x // 165.6,5.54634,0,
2290727,4889456,graveyard,Inner Oni,5.54341,0,
2409452,5230730,graveyard,Inner Oni,5.53767,0,
1338323,2772316,graveyard,Stream [1.1x Rate],5.53484,0,
939967,1963243,graveyard,Practice [1.1x Rate],5.5339,0,
2455754,5370000,pending,Inner Oni,5.52975,0,
901778,1883081,graveyard,Sacred Ruin,5.52742,0,
2214047,4691034,graveyard,Oh Phra Jao Man Yai Mak Mak,5.52074,0,
1586173,3239790,graveyard,Stream Slut,5.51972,0,
698207,1478949,graveyard,Oni(Short),5.50988,0,
1353350,2860503,graveyard,Muzukashii,5.5058,0,
2303437,4923456,graveyard,DARK ONI,5.50107,0,
760371,1599192,graveyard,Flower oni,5.49596,0,
2042850,4274762,graveyard,Yorushika - Tada Kimi ni Hare(nananass),5.49512,0,
910583,2445070,graveyard,S T R E A M 2,5.49203,0,
2239844,4760288,graveyard,MASTER,5.48594,0,
2003918,4168609,graveyard,Oni,5.48486,0,
1744551,3567875,graveyard,Starry Sky Parade(CuLacllachan),5.48225,0,
910583,2445071,graveyard,S T R E A M,5.47952,0,
2192623,4638243,graveyard,[--dddk--] prac,5.47858,0,
760371,1599193,graveyard,ino rewolF,5.47488,0,
2187322,4624697,graveyard,2199's Inner Oni,5.46774,0,
1073757,2247312,graveyard,Master,5.4642,0,
2192623,4638256,graveyard,[--kkkd--] prac,5.45981,0,
1972235,4179005,graveyard,KTYN's u-w-u (200bpm),5.45729,0,
2483328,5449377,graveyard,FlyAway (160 BPM),5.45685,0,
2058751,4302968,graveyard,Oni,5.42983,0,
1954610,4048129,graveyard,dj TAKA - True Blue [A],5.42469,0,
1744551,3567876,graveyard,TONDEMO-WONDERZ(Shamirin_mzk),5.42217,0,
814850,1906707,wip,-GN Jr.'s Honesty Oni,5.40893,0,
2386170,5161355,graveyard,oni,5.40675,0,
1266144,2631503,graveyard,not this,5.40503,0,
1266144,2631505,graveyard,this one,5.405,0,
925700,1966760,graveyard,Oni,5.39962,0,
2129696,4478331,graveyard,Inner Oni,5.39434,0,
2216986,4698357,graveyard,supe & ler's City Lights,5.39411,0,
547084,1279898,graveyard,Oni,5.39037,0,
1228933,2759977,wip,lapix // Kill The Beat,5.38995,0,
2529895,5592615,pending,chairless' ONI,5.38782,0,
901778,1883072,graveyard,Riptide,5.38547,0,
1239167,2576321,graveyard,Inner Oni,5.38413,0,
2474030,5540536,graveyard,Inner Oni,5.37978,0,
2116913,4446041,graveyard,Divination Break,5.37961,0,
906383,1891474,graveyard,Taiko Exrta(OD10),5.37957,0,
906383,1891475,graveyard,Taiko Extra,5.37954,0,
1725130,3525716,graveyard,Ph0eNiiXZ & KTYN's Fantasy Collab,5.3775,0,
2257577,4803541,graveyard,Oni,5.36789,0,
892766,1866100,graveyard,Stream [1.05x Rate],5.36649,0,
2192623,4638244,graveyard,[--ddkd--] prac,5.36571,0,
2323741,4980256,graveyard,Dream,5.36036,0,
2182583,4611691,graveyard,Oni,5.34409,0,
1415091,2916523,graveyard,KTYN's Fever Time!,5.34202,0,
1338323,2772314,graveyard,Stream [1.05x Rate],5.34187,0,
2312623,4948262,graveyard,Realize,5.34021,0,
1490432,3055056,graveyard,160bpm,5.33322,0,
2192623,4638257,graveyard,[--kkkk--] prac,5.32927,0,
1084739,2268493,graveyard,Stream Voyage (1/4 Only),5.32831,0,
1014955,2124156,wip,archive.zip,5.32828,0,
2144975,4517859,graveyard,Irreplaceable Existence,5.32751,0,
832282,1751228,graveyard,[10] R.I (About) [Taiko Oni],5.32638,0,
939967,1963241,graveyard,Practice [1.05x Rate],5.32172,0,
2192623,4638255,graveyard,[--kkdk--] prac,5.32082,0,
2192623,4638242,graveyard,[--dddd--] prac,5.31272,0,
2361737,5090667,graveyard,Arjun's Mangan,5.30962,0,
850390,1777964,graveyard,myon,5.29911,0,
1181300,2463138,graveyard,125bpm (Kalafina - Magia),5.28983,0,
1338323,2772313,graveyard,myon,5.28827,0,
2199177,4654086,graveyard,Waribashi's Inner Oni,5.28753,0,
1232365,2561927,graveyard,Ken Blast - The Top (Challenge) [13] [160],5.28711,0,
832282,1744154,graveyard,[9] Seitoku taiko no hi i zuru made hicho (Firce777) [Oni (Tatsujin)],5.28435,0,
432700,932987,graveyard,Romantic,5.28203,0,
832282,1744156,graveyard,[9] Seitoku taiko no hi i zuru made hicho (Firce777) [Oni (Kuruoto)],5.27867,0,
704107,1489535,graveyard,Mofu,5.27599,0,
1566855,3199221,graveyard,NaleYuar's Inner Oni,5.27016,0,
2145700,4532907,graveyard,Oni,5.26808,0,
1232365,2561907,graveyard,Ace - Crazy On Emotion (Hard) [13] [150],5.26681,0,
2032811,4237492,graveyard,Inner Oni,5.26549,0,
2552895,5667443,wip,Oni,5.26225,0,
2192623,4638246,graveyard,[--dkdd--] prac,5.2505,0,
1935651,4000471,graveyard,:fridge:,5.24792,0,
2192623,4638253,graveyard,[--kdkk--] prac,5.24429,0,
2192623,4638249,graveyard,[--dkkk--] prac,5.23584,0,
832282,1743696,graveyard,[10] Linda AI-CUE - Taberuna 2000 (lepidopodus) [Oni],5.23018,0,
1000833,2094830,graveyard,Despair,5.23016,0,
1203946,2880992,graveyard,///Lamery's Inner Oni///,5.22826,0,
2192623,4638250,graveyard,[--kddd--] prac,5.21909,0,
1550520,3168417,graveyard,Brown's Oni(Cychlo Edit),5.19975,0,
2270730,4836585,graveyard,Double Flap Oni,5.19102,0,
1995791,5048222,graveyard,Oni,5.19043,0,
1941383,4015414,graveyard,Boo!,5.1904,0,
435901,939001,graveyard,Oni,5.19005,0,
2036595,4247191,graveyard,Back in Mom's Day (RGTS edit),5.18776,0,
2183212,4613450,graveyard,Master,5.18541,0,
2036595,5090925,graveyard,Back in Mom's Day,5.17138,0,
1842708,3784935,graveyard,Cynply's Oni,5.16984,0,
1437918,2958361,graveyard,Inner Oni,5.16881,0,
2322004,4974951,graveyard,tggd's oni,5.16682,0,
2165565,4707659,graveyard,Stream Practice 1.10x // 151.8,5.16581,0,
2215305,4693774,graveyard,azure,5.15968,0,
2403689,5449391,graveyard,far in the blue sky (148 BPM),5.15966,0,
2192623,4638247,graveyard,[--dkdk--] prac,5.15858,0,
1362430,2844442,graveyard,Lite Oni,5.15527,0,
892766,1866110,graveyard,Stream,5.15524,0,
832282,1743715,graveyard,[9] LindaAI-CUE - Haya Saitama2000 (lepidopodus) [Oni],5.14812,0,
2192623,4638252,graveyard,[--kdkd--] prac,5.14734,0,
2275194,4853135,graveyard,Muzukashii,5.14665,0,
657871,1393408,graveyard,Inner Oni,5.14453,0,
901778,1882825,graveyard,Teekyuu Opening 01-09,5.14432,0,
832282,1743716,graveyard,[9] All in My Heart (Firce777) [Oni],5.1393,0,
2361760,5090684,graveyard,Re:Onion,5.13605,0,
2152054,4534313,graveyard,Oni,5.13128,0,
1181300,2463136,graveyard,115bpm (GUST - Nyamo No Uta),5.12861,0,
2514119,5545741,pending,Inner Oni,5.12686,0,
2315506,4956062,graveyard,[Easy] dandelion / Asari,5.12321,0,
1014955,2124154,wip,Absurd Gaff,5.11983,0,
832282,1748864,graveyard,[10] blessed-bouquet-buskers (About) [Taiko Oni],5.1196,0,
1338323,2772323,graveyard,Stream,5.11902,0,
1583033,3236113,graveyard,Oni,5.11796,0,
939967,1963250,graveyard,Practice,5.11312,0,
2000777,4160062,graveyard,Inner Oni,5.11215,0,
2192623,4638248,graveyard,[--dkkd--] prac,5.08773,0,
832282,1744155,graveyard,[9] parau - Oozora to Taiko no Odori (Firce777) [Oni],5.07732,0,
2192623,4638251,graveyard,[--kddk--] prac,5.06956,0,
1014955,2124158,wip,Chocolate Planet,5.06577,0,
2215305,4694014,graveyard,azure v2,5.06524,0,
1466394,3221515,graveyard,xx (Jailed),5.0646,0,
329359,730113,graveyard,Home's oni,5.06426,0,
2308485,4938103,graveyard,"Motteke! Sailor Fuku (TV Size) [1,2,3]",5.0625,0,
1847254,3794685,graveyard,Nanahira's house,5.06012,0,
2362678,5242541,graveyard,Oni,5.03879,0,
1696391,3466038,graveyard,Muzukashii,5.0334,0,
1921552,4004902,graveyard,PA PAPUS COMO TU :v,5.02337,0,
1181300,2463137,graveyard,120bpm (Lizz Robinett - Hide And Seek),5.02087,0,
832282,1753061,graveyard,(10) mitsusegawaranbu (About) [Taiko Ura],5.01514,0,
901778,1883075,graveyard,Gabriel DropKick,5.00811,0,
2012529,4194725,graveyard,D3kuu's Oni,4.9969,0,
2388381,5168451,graveyard,Inner Oni,4.99028,0,
2192623,4638245,graveyard,[--ddkk--] prac,4.98814,0,
2192623,4638254,graveyard,[--kkdd--] prac,4.98458,0,
1852810,3807066,graveyard,Angelic Oni,4.98175,0,
2144941,4517787,wip,False Life,4.97682,0,
1014955,2124161,wip,Hanasaku Saikyou Legend Days,4.97486,0,
2290727,4889458,graveyard,Oni,4.97333,0,
1549051,3167259,graveyard,Inner Oni,4.97078,0,
2332215,5470001,graveyard,VAND3ST // Black Zone,4.97052,0,
2093750,4389801,graveyard,offhand training for dummies,4.96952,0,
1941383,5090651,graveyard,Boo! (RGTS edit),4.95548,0,
2183411,4613826,graveyard,Oni,4.95029,0,
2191052,4634376,graveyard,Quorum's Oni,4.94753,0,
2277140,4852905,graveyard,Inner Oni,4.93476,0,
2332215,5021910,graveyard,cYsmix // The Ballad of a Mindless Girl,4.92487,0,
2284587,4886116,graveyard,Oni,4.90723,0,
1408669,4335580,graveyard,CNTS edit.,4.90703,0,
1408669,2904459,graveyard,>o<,4.90555,0,
1408669,3016602,graveyard,>o<(GTS edit),4.90509,0,
2159335,4598773,graveyard,koul's Oni,4.89953,0,
974568,2041673,graveyard,Oni,4.88088,0,
2170055,4614341,graveyard,Oni,4.87919,0,
1014955,2124162,wip,Ha-Tenya,4.87224,0,
832282,1744152,graveyard,[10] Hisui - SORA-VII shigunasuu~oru (Firce777) [Oni],4.86449,0,
401763,873837,graveyard,Taiko Collab,4.86252,0,
1125379,2351389,graveyard,Inner Oni,4.85952,0,
2187322,4624698,graveyard,Briesmas' Oni,4.85845,0,
910583,1900120,graveyard,DDDK,4.85427,0,
910583,1900125,graveyard,KKKD,4.85427,0,
907241,1893144,graveyard,Insane,4.8488,0,
1782462,3933123,graveyard,Cynp-zy's Oni,4.84125,0,
562553,1189306,graveyard,Oni,4.83431,0,
2327799,5552990,graveyard,Oni,4.82612,0,
1343055,2781901,graveyard,Inner Oni,4.82372,0,
1500977,3075693,graveyard,KTYN's Inner Oni,4.8233,0,
1877942,4471565,graveyard,Pressure,4.8225,0,
1239167,2623660,graveyard,Inner Oni (GTS edit),4.81092,0,
1877942,3865686,graveyard,Pressure (TFT edit),4.80908,0,
1810221,3751030,graveyard,ONI,4.80807,0,
1239167,5090843,graveyard,Inner Oni (GTS edit part 2 (RGTS2025)),4.8063,0,
910583,1900132,graveyard,Stream - DKKK KDDD,4.79687,0,
1500977,3075694,graveyard,namahame,4.79248,0,
1961615,4065497,graveyard,inner,4.78826,0,
1972235,4179006,graveyard,KTYN's u-w-u,4.78626,0,
832282,1753064,graveyard,[8] tenbin za kyuko yoru wo iku (About) [Taiko Oni],4.78416,0,
1887736,4323307,graveyard,Oni,4.7822,0,
2000027,4157897,graveyard,Oni,4.7817,0,
2202703,4662090,graveyard,Zeth's Muzukashii,4.78061,0,
1819169,3732637,graveyard,Hitsounds,4.7805,0,
910583,1900129,graveyard,Stream - DKDD KDKK,4.7792,0,
910583,1900126,graveyard,Stream - DDDK KKKD,4.77816,0,
1239167,2587694,graveyard,Inner Oni (nerfed),4.77419,0,
1221951,2541710,graveyard,Oni,4.77344,0,
2165565,4568313,graveyard,Stream Practice // 138,4.77135,0,
1014955,2124170,wip,Ren-chon no Drum 'n' Bass,4.76557,0,
2063096,5397715,graveyard,Inner Oni,4.76539,0,
2272363,4840546,graveyard,Oni,4.76267,0,
910583,1900130,graveyard,Stream - DKDK KDKD,4.75229,0,
2016436,4198092,graveyard,Oni,4.74957,0,
2227513,4725630,graveyard,Inner Oni,4.74689,0,
832282,1751234,graveyard,[9] gekiun! nana fukku happi kuru,4.74679,0,
910583,1900131,graveyard,Stream - DKKD KDDK,4.73823,0,
910583,1900123,graveyard,DKKK,4.73705,0,
910583,1900124,graveyard,KDDD,4.73705,0,
2042850,4262911,graveyard,Taneda Risa - Wareta Ringo(nananass),4.73058,0,
832282,1751772,graveyard,[9] Heaven's Rider (About) [Taiko Oni],4.72958,0,
1181300,2463134,graveyard,105bpm (Team Grimoire - C18H27NO3),4.72939,0,
2140900,4586598,graveyard,oni,4.71999,0,
910583,1900127,graveyard,Stream - DDKD KKDK,4.71995,0,
2402522,5210539,graveyard,Bakushin Stream,4.70274,0,
2144941,5675752,wip,False Life - IDTS EDIT -,4.69664,0,
1014955,2124169,wip,On the FM,4.69333,0,
2032811,4237469,graveyard,Oni,4.67761,0,
2483328,5449387,graveyard,Vend (128 BPM),4.66388,0,
910583,1900128,graveyard,Stream - DDKK KKDD,4.65447,0,
1181300,2463135,graveyard,"110bpm (t+pazolite - to Luv me, I xxx for u. (reprise))",4.65168,0,
1014955,2124173,wip,The Asterisk War,4.65055,0,
2529480,5592987,pending,EXPERT,4.63534,0,
832282,1743713,graveyard,[9] a_hisa - Rin (Firce777) [Oni],4.62896,0,
1961615,5400616,graveyard,inner -seatc2edit-,4.62359,0,
1670252,4000493,graveyard,oni,4.60334,0,
832282,1743714,graveyard,[8] Fukuyama Saori - Kuon no Yoru (lepidopodus) [Oni],4.59389,0,
2000422,4326883,graveyard,Oni,4.58912,0,
2116913,4448092,graveyard,Morcooooooo's Inner Oni,4.58758,0,
2348027,5050800,graveyard,Oni,4.58698,0,
2148499,4525856,graveyard,Demon,4.58286,0,
1810221,3751029,graveyard,MUZUKASHII,4.57483,0,
1181300,2463133,graveyard,100bpm (Helblinde - Heaven's Fall),4.56301,0,
832282,1743697,graveyard,[8] Takamitsu Yoko - Pastel Dream (lepidopodus) [Oni],4.55401,0,
2058751,4302966,graveyard,Muzukashii,4.54527,0,
2205304,4681858,graveyard,zblader's Stray Oni,4.52767,0,
2097771,4399836,graveyard,Delightful Oni,4.52594,0,
2474030,5511926,graveyard,Oni,4.52341,0,
832282,1751233,graveyard,[9] bokyaku no tirunanogu (About) [Taiko Oni],4.52298,0,
2000777,4220314,graveyard,antigen's Oni,4.52186,0,
1132860,2379085,graveyard,Oni,4.52171,0,
1916310,4047353,graveyard,Oni,4.50817,0,
1014955,2124168,wip,Nanatsu Issenzakura,4.48567,0,
1502041,3143154,graveyard,Yuemiao's Oni,4.48338,0,
2257577,4803600,graveyard,Muzukashii,4.4781,0,
2310510,5234768,graveyard,Oni,4.47132,0,
1995791,5048225,graveyard,Muzukashii,4.47104,0,
2409452,5231772,graveyard,Oni,4.44818,0,
1848111,3893525,graveyard,Optimus Tie's Inner Oni,4.43623,0,
2483328,5449386,graveyard,Tori no Uta (122 BPM),4.4332,0,
326018,724019,graveyard,Inner Oni,4.43144,0,
2003918,4185245,graveyard,Yukaz's Muzukashii,4.40977,0,
2552895,5668806,wip,Muzukashii,4.40549,0,
1014955,2124171,wip,Salvage,4.39278,0,
960945,2491869,graveyard,Oni,4.38615,0,
910583,2441271,graveyard,DDKD - KKDK,4.38602,0,
2063096,4314801,graveyard,Oni,4.37902,0,
1476903,3067281,graveyard,Oni,4.3774,0,
2239844,4760286,graveyard,Expert,4.36414,0,
951022,2193622,graveyard,MUZukashii,4.36013,0,
495246,1056186,graveyard,Marathon,4.32989,0,
495246,1525167,graveyard,Nardo,4.31416,0,
1014955,2124175,wip,TSU.BA.SA,4.30222,0,
1014955,2124155,wip,Alteration,4.30132,0,
1014955,2124165,wip,Kuraki Sekai no Doukoku,4.29649,0,
936826,1957014,graveyard,kagi×kani collab,4.28194,0,
832282,1744153,graveyard,[9] Hisui - Tengubayashi (Firce777) [Oni],4.2793,0,
1335988,2767744,graveyard,ETERNITY,4.26886,0,
1014955,2124160,wip,Hallelujah Essaim,4.2576,0,
2304192,4925450,graveyard,ONI!? [WIP],4.25334,0,
1744551,3567871,graveyard,Kakinchu no Uta -More Charin Ver.-(KTYN),4.24461,0,
906383,1892896,graveyard,Oni(OD10),4.24147,0,
906383,1892721,graveyard,Oni,4.24085,0,
2340140,5033210,graveyard,MUZUKASHII,4.24016,0,
925700,1966652,graveyard,Muzukashii,4.23143,0,
2514119,5545742,pending,Oni,4.22369,0,
2322004,4974946,graveyard,ectomic's muzukashii,4.21282,0,
2199177,4654083,graveyard,Oni,4.2084,0,
1014955,2124167,wip,Marigold,4.19431,0,
2361737,5090645,graveyard,iRedi's Oni,4.17228,0,
1014955,2124166,wip,Maple Love,4.15977,0,
910583,2441272,graveyard,DKDD - KDKK,4.14982,0,
2133152,5080759,graveyard,RGTS,4.14554,0,
2403689,5449397,graveyard,Keishou no Uta (118 BPM),4.14377,0,
2159553,4553333,graveyard,Inner Oni,4.13793,0,
2191052,4634375,graveyard,Muzukashii,4.13279,0,
495246,1525168,graveyard,Prophecy,4.12233,0,
495246,1525169,graveyard,Surono,4.10762,0,
2032108,4235716,graveyard,:skull:,4.10698,0,
2152054,4829902,graveyard,Muzukashii,4.1038,0,
2000027,4157896,graveyard,Muzukashii,4.09222,0,
725250,1531339,graveyard,Nostalgia,4.08784,0,
2187322,4624700,graveyard,Muzukashii,4.08548,0,
910583,1900121,graveyard,DDKK - KKDD,4.08493,0,
832282,1743694,graveyard,[9] hiyama - Tsukikage SASURAI (lepidopodus) [Oni (Ura)],4.08191,0,
1744551,3567872,graveyard,La La Meltic StAr(noraneko414),4.07453,0,
1014955,2124174,wip,Tomadoi Recipe,4.07412,0,
1758522,3598831,graveyard,Oni,4.06362,0,
1203946,2507042,graveyard,///Oni///,4.05665,0,
1181300,2463140,graveyard,95bpm (toby fox - Finale),4.04626,0,
2159335,4598774,graveyard,ZTH's Muzukashii,4.0384,0,
2393499,5198210,graveyard,muzukashii,4.03805,0,
2000704,4162380,graveyard,ZQY's Lite Oni,4.03683,0,
1502041,3085851,graveyard,albionshallah's Muzukashii,4.02273,0,
1014955,2124177,wip,Wagamama MIRROR HEART,4.01836,0,
2529895,5599160,pending,Noah's MUZUKASHII,4.01756,0,
1996249,4148828,graveyard,Oni,4.01749,0,
2455754,5371589,pending,Oni,4.01171,0,
2228267,4730903,graveyard,SKEY'S ONI,4.0086,0,
2000422,4326837,graveyard,Lenkon's Muzukashii,4.0023,0,
832282,1753063,graveyard,[8] kagayaki wo motomete (About) [Taiko Oni],3.99748,0,
2239844,4760283,graveyard,Advanced,3.99517,0,
1014955,2124172,wip,Shinsaku no Shiawase wa Kochira!,3.9831,0,
1014955,2124157,wip,Chikatto Chika Chika,3.98066,0,
1014955,2124153,wip,100% Magical Star,3.97379,0,
832282,1751775,graveyard,[8] houkago mazisyan (About) [Taiko Oni],3.95052,0,
2116913,4445632,graveyard,Muzukashii,3.94376,0,
832282,1751232,graveyard,[8] Konamono (About) [Taiko Oni],3.9434,0,
910583,1900122,graveyard,DKKD - KDDK,3.94183,0,
1437918,2958769,graveyard,Oni,3.94052,0,
1670252,4563046,graveyard,muzukashii,3.93645,0,
1388989,2870403,graveyard,Oni,3.92936,0,
2044241,4372915,pending,Hivie's Insanus,3.92406,0,
2284587,4989237,graveyard,Muzukashii,3.91514,0,
1014955,2124164,wip,Koi no Hime Hime Pettanko,3.89162,0,
1014955,2124163,wip,Ikenai Borderline,3.88973,0,
832282,1753065,graveyard,[9] mahojin - samon deruta (About) [Taiko Oni],3.8878,0,
2032108,4235715,graveyard,:skull: v2,3.86666,0,
2483328,5449382,graveyard,In The Garden (112 BPM),3.856,0,
2205304,4681857,graveyard,Stray light oni,3.85,0,
2402363,5210075,graveyard,HD under TaikoMom's Moonlight,3.83864,0,
2402363,5210074,graveyard,Chasing the Moonlight,3.8383,0,
1692209,3538830,graveyard,b/l/a/c/k/s/o/n/i,3.83607,0,
1996249,4148827,graveyard,Oni (IGTS edit),3.82484,0,
1335988,2785585,graveyard,Kappu's FUTURE,3.80652,0,
2016436,4198265,graveyard,Muzukashii,3.77642,0,
2275194,4853134,graveyard,Futsuu,3.7647,0,
1696391,3466036,graveyard,Futsuu,3.74983,0,
2529480,5594873,pending,HARD,3.74425,0,
2097771,4401364,graveyard,Oni,3.73747,0,
2148499,4525860,graveyard,Insane,3.7333,0,
1961615,4065498,graveyard,oni,3.72687,0,
1181300,2463139,graveyard,90bpm (Memme - Force of RA,3.7198,0,
1014955,2124178,wip,Yuujou Pop,3.71639,0,
547084,1254685,graveyard,myster's Muzukashii,3.71327,0,
832282,1751774,graveyard,[6] Time Traveler (About) [Taiko Oni],3.71003,0,
2277140,4852908,graveyard,Oni,3.70403,0,
2144941,4517791,wip,Oni,3.70332,0,
1432715,2948653,graveyard,OMANEPEMEUM,3.70217,0,
1813613,3720615,graveyard,Inner Oni,3.69169,0,
832282,1744151,graveyard,[8] Ancraft - Choco Chiptune. (Firce777) [Oni],3.68996,0,
2361737,5478957,graveyard,cdh's Muzukashii,3.66428,0,
2483328,5449383,graveyard,Phantasmal Woods (102 BPM),3.66114,0,
2159553,4553337,graveyard,Oni,3.65889,0,
1014955,2124159,wip,DAYS of DASH,3.64659,0,
1476903,3070462,graveyard,Muzukashii,3.63158,0,
1583033,3238341,graveyard,Muzukashii,3.62917,0,
2348027,5050799,graveyard,Muzukashii,3.60786,0,
562553,1189305,graveyard,Muzukashii,3.60267,0,
1043205,2180407,graveyard,Tonight I'll have a dream,3.59676,0,
2130459,4490178,graveyard,Present,3.59578,0,
2290727,4889457,graveyard,Muzukashii,3.58552,0,
832282,1751229,graveyard,[6] kagami nokuni no arisu (About) [Taiko Oni],3.58335,0,
2358039,5079784,graveyard,Vroom,3.57554,0,
832282,1743695,graveyard,[8] hiyama - Tsukikage SASURAI (lepidopodus) [Oni],3.55211,0,
2145700,4583620,graveyard,Muzukashii,3.53488,0,
1014955,2124176,wip,Univer Page,3.52006,0,
1132860,2384475,graveyard,Muzukashii,3.50051,0,
2000777,4162587,graveyard,Muzukashii,3.49347,0,
2474030,5511824,graveyard,Muzukashii,3.48981,0,
326018,724021,graveyard,Oni,3.48647,0,
982070,2056350,graveyard,muzukashii,3.46501,0,
2170055,4608596,graveyard,Muzukashii,3.44685,0,
1782462,3933127,graveyard,Fapu's Oni,3.43944,0,
1566855,3199222,graveyard,Neon's Oni,3.43193,0,
1984563,4121904,graveyard,Oni (IGTS Edit),3.43169,0,
2032811,4237468,graveyard,Muzukashii,3.42442,0,
2180212,5021553,graveyard,Oni,3.41303,0,
832282,1751230,graveyard,[7] kurokami kuronikuru (About) [Taiko Oni],3.40346,0,
2148499,4525859,graveyard,Harder,3.37758,0,
1729163,3533834,graveyard,Muzukashii,3.34203,0,
1988379,4130623,graveyard,Suck My Chocs,3.33167,0,
1848111,3893526,graveyard,Optimus Tie's Oni,3.28507,0,
2199177,4654082,graveyard,Maimai's Muzukashii,3.26526,0,
2409452,5233910,graveyard,Muzukashii,3.2599,0,
2277140,4852907,graveyard,Muzukashii,3.25655,0,
1995791,4147942,graveyard,Futsuu,3.25121,0,
2130459,4480105,graveyard,Past,3.24828,0,
2354820,5070017,graveyard,Emukko Map Map,3.22154,0,
2514119,5545829,pending,Muzukashii,3.21952,0,
1437918,3795031,graveyard,Muzukashii,3.21803,0,
2097771,4401363,graveyard,Muzukashii,3.19171,0,
2058751,4302963,graveyard,Futsuu,3.1894,0,
2552895,5669715,wip,Futsuu,3.17678,0,
2529895,5599365,pending,grassbg's FUTSUU,3.16074,0,
1045723,2186052,graveyard,Righteous Oni,3.14817,0,
2044241,4346301,pending,Durus,3.13519,0,
832282,1753062,graveyard,(8) mitsusegawaranbu (About) [Taiko Oni],3.11524,0,
1388989,2870402,graveyard,Muzukashii,3.08436,0,
1588533,3247453,graveyard,Muzukashii,3.08333,0,
2239844,4760287,graveyard,Intermediate,3.07597,0,
2393499,5186836,graveyard,futsuu,3.05089,0,
1696391,3466037,graveyard,Kantan,3.00271,0,
2202703,4662086,graveyard,Futsuu,2.99157,0,
2148499,4525858,graveyard,Hard,2.99076,0,
2490056,5469547,graveyard,49Leo's Muzukashii,2.9854,0,
2257577,4804970,graveyard,Futsuu,2.96692,0,
2144941,4517790,wip,Muzukashii,2.96497,0,
2003918,4204369,graveyard,Futsuu,2.90822,0,
832282,1751231,graveyard,[7] Ra-men de yo-men!! (About) [Taiko Oni],2.8947,0,
2322004,4974950,graveyard,tamu's futsuu,2.87021,0,
1782462,3933126,graveyard,Fapu's Muzukashii,2.83387,0,
1961615,4065496,graveyard,muzukashii,2.81316,0,
2340140,5033208,graveyard,FUTSUU,2.80475,0,
1848111,3893527,graveyard,Optimus Tie's Muzukashii,2.79033,0,
1692209,3980838,graveyard,m/u/z/u/k/a/s/h/i/i,2.77408,0,
1583033,3271090,graveyard,Futsuu,2.76137,0,
2058751,4302965,graveyard,Lite Futsuu,2.74393,0,
2159553,4553336,graveyard,Muzukashii,2.73405,0,
2275194,4850470,graveyard,Kantan,2.71878,0,
2159335,4598772,graveyard,Futsuu,2.66643,0,
2145700,4587038,graveyard,Futsuu,2.63997,0,
2529480,5596341,pending,NORMAL,2.63687,0,
2000027,4157895,graveyard,Futsuu,2.59438,0,
2016436,4198264,graveyard,Futsuu,2.5937,0,
326018,792641,graveyard,tasuke's Muzukashii,2.59055,0,
2000422,4327283,graveyard,skolodojko's Futsuu,2.589,0,
2063096,5397714,graveyard,Futsuu,2.58158,0,
2032811,4237465,graveyard,Futsuu,2.55851,0,
951022,3456979,graveyard,Yuemiao's Futsuu,2.54395,0,
2348027,5050795,graveyard,Futsuu,2.50579,0,
2148499,4525861,graveyard,Normal,2.48882,0,
1045723,2186051,graveyard,Muzukashii,2.48758,0,
2361737,5090633,graveyard,ler's Futsuu,2.48669,0,
1432715,2950305,graveyard,ULQUI'S TAIKO ONI,2.48211,0,
2290727,4889455,graveyard,Futsuu,2.47634,0,
925700,1966758,graveyard,Futsuu,2.4714,0,
1916310,4047343,graveyard,Futsuu,2.47077,0,
2199177,4654085,graveyard,uone's Futsuu,2.45766,0,
1132860,2377489,graveyard,Futsuu,2.44616,0,
2284587,4877230,graveyard,Futsuu,2.40394,0,
1502041,3092915,graveyard,Ph0eNiiXZ's Futsuu,2.39614,0,
2294746,4900417,graveyard,A fated accident,2.39068,0,
2239844,4760285,graveyard,Beginner,2.39034,0,
2091748,4384572,graveyard,I'd Still Die For You,2.38732,0,
2191052,4634374,graveyard,HiroK's Futsuu,2.32719,0,
2000777,4165742,graveyard,Futsuu,2.28595,0,
2097771,4403830,graveyard,Futsuu,2.28191,0,
2514119,5548446,pending,Green's Futsuu,2.26179,0,
962717,2018806,graveyard,Kqrth's Ura Futsuu is a joke,2.2372,0,
2187322,4624701,graveyard,takehirotei & Iyouka's Futsuu,2.20033,0,
2277140,4852903,graveyard,Futsuu,2.17203,0,
1476903,3030782,graveyard,Futsuu,2.16802,0,
2474030,5511820,graveyard,Futsuu,2.16219,0,
1588533,3244479,graveyard,Futsuu,2.12167,0,
1437918,3795071,graveyard,Futsuu,2.12151,0,
982070,2056348,graveyard,futsuu,2.08967,0,
2159553,4553331,graveyard,Futsuu,2.0869,0,
2144941,4517788,wip,Futsuu,2.08427,0,
1388989,2870244,graveyard,Futsuu,2.06148,0,
2044241,4342921,pending,Normalis,2.04921,0,
962717,2039959,graveyard,Vulkin's Futsuu is a joke,2.04002,0,
2202703,4662087,graveyard,Kantan,2.02652,0,
2552895,5669773,wip,Kantan,2.02015,0,
2116913,4494743,graveyard,Futsuu,1.97941,0,
2275194,4853137,graveyard,Shokyuu,1.96431,0,
562553,1189303,graveyard,Futsuu,1.94123,0,
1995791,4147910,graveyard,Kantan,1.9376,0,
1692209,3538831,graveyard,f/u/t/s/u/u,1.91152,0,
2257577,4804988,graveyard,Kantan,1.89122,0,
2091748,4384571,graveyard,Futsuu,1.88838,0,
547084,1257679,graveyard,myster's Futsuu,1.86113,0,
1961615,4065494,graveyard,futsuu,1.85719,0,
2340140,5033209,graveyard,KANTAN,1.83956,0,
1045723,2186050,graveyard,Futsuu,1.77103,0,
326018,788683,graveyard,tasuke's Futsuu,1.77005,0,
2322004,4974948,graveyard,kantan,1.75967,0,
951022,2289597,graveyard,-OvO-'s Kantan,1.75793,0,
2058751,4302964,graveyard,Kantan,1.74848,0,
1782462,3933124,graveyard,Fapu's Futsuu,1.74698,0,
2529895,5600482,pending,fua's KANTAN,1.72317,0,
2159553,4553334,graveyard,Kantan,1.70966,0,
2130459,4480106,graveyard,Primitive,1.70589,0,
1583033,3271170,graveyard,Kantan,1.69899,0,
2529480,5598002,pending,EASY,1.69288,0,
2239844,4760289,graveyard,Tap to the beat!,1.66923,0,
2393499,5188386,graveyard,kantan,1.66386,0,
2000027,4185111,graveyard,Kantan,1.59393,0,
2552895,5668607,wip,Vulkin's Shokyuu,1.56587,0,
925700,1966759,graveyard,Kantan,1.51156,0,
1588533,3244432,graveyard,Kantan,1.50827,0,
2032811,4237466,graveyard,Kantan,1.49178,0,
2000422,4301561,graveyard,Kantan,1.47876,0,
2091748,4384573,graveyard,Kantan,1.47771,0,
1132860,2376835,graveyard,Kantan,1.46012,0,
2003918,4204368,graveyard,[-E S I A-]'s Kantan,1.45748,0,
2145700,4587083,graveyard,Kantan,1.43911,0,
2514119,5548447,pending,Green's Kantan,1.43074,0,
2148499,4525857,graveyard,Easy,1.42444,0,
982070,2056349,graveyard,kantan,1.40052,0,
1986091,4328601,graveyard,Kantan,1.39726,0,
2490056,5469549,graveyard,Eloxrad's Kantan,1.38025,0,
1388989,2879066,graveyard,Kantan,1.36965,0,
2277140,4852906,graveyard,Kantan,1.3483,0,
2000777,4165743,graveyard,Kantan,1.33863,0,
1476903,3030633,graveyard,Kantan,1.3363,0,
2097771,4404174,graveyard,Kantan,1.33438,0,
814850,1907488,wip,-GN Jr.'s Simplicity Kantan,1.32582,0,
1692209,3538832,graveyard,k/a/n/t/a/n,1.31983,0,
2044241,4342863,pending,Facilis,1.30157,0,
562553,1189304,graveyard,Kantan,1.2958,0,
2348027,5050798,graveyard,Kantan,1.27876,0,
2116913,4446781,graveyard,Koxiuuu's Kantan,1.26389,0,
1437918,3795072,graveyard,Kantan,1.24631,0,
2159553,4553338,graveyard,Shokyuu,1.23807,0,
2474030,5511823,graveyard,Kantan,1.20425,0,
2257577,4805164,graveyard,Shokyuu,1.19675,0,
1961615,4065495,graveyard,kantan,1.1755,0,
1045723,2190813,graveyard,Kantan,1.15441,0,
2144941,4517789,wip,Kantan,1.13126,0,
962717,2015787,graveyard,Nifty's Kantan is a joke,1.12962,0,
547084,1248012,graveyard,Kantan,1.115,0,
1782462,3933125,graveyard,Fapu's Kantan,1.03368,0,
1014955,5645145,wip,asdf,0,0,
1228933,2555284,wip,asdf,0,0,
1232365,2561928,graveyard,Marathon,0,0,
1609660,3286641,graveyard,DELETE THIS,0,0,
1673407,3418111,graveyard,DELETE THIS,0,0,
1744551,3567868,graveyard,aaa,0,0,
1884123,3879268,graveyard,Please,0,0,
1949268,4035429,graveyard,blank,0,0,
1991895,4138887,graveyard,DELETE THIS,0,0,
2042850,4262909,graveyard,null,0,0,
2083172,4362918,graveyard,Delete this,0,0,
2288716,4883937,graveyard,DELETE THIS,0,0,
2315506,4956067,graveyard,Delete this,0,0,
2316299,4958863,graveyard,ura oni,0,0,
2332215,5120090,graveyard,Empty diff for file space,0,0,
2470987,5412838,graveyard,ATP1000,0,0,
2470987,5412840,graveyard,FUTSUU,0,0,
2470987,5412842,graveyard,HELLONI,0,0,
2470987,5412843,graveyard,INNERONI,0,0,
2470987,5412844,graveyard,KANTAN,0,0,
2470987,5412845,graveyard,MUZUKASHII,0,0,
2470987,5412846,graveyard,ONI,0,0,
2513141,5540035,graveyard,upload limit,0,0,
2533689,5602166,graveyard,Delete,0,0,
